Year,POLY_ID,dens_sm,pupratio,lin_dens,trend5yr,Sect_ID
1996,159n,0.205491571,0.105820106,0.165873016,0.210909198,2
1996,159o,0,0.105820106,0.165873016,0.210909198,2
1996,160n,0.191843849,0.09569378,0.181746032,0.209067418,2
1996,160o,0,0.09569378,0.181746032,0.209067418,2
1996,161n,0.176927511,0.09569378,0.181746032,0.207303026,2
1996,161o,0,0.09569378,0.181746032,0.207303026,2
1996,162n,0.180908569,0.09569378,0.181746032,0.205664087,2
1996,162o,0,0.09569378,0.181746032,0.205664087,2
1996,163n,0.186423254,0.09569378,0.181746032,0.204073049,2
1996,163o,0,0.09569378,0.181746032,0.204073049,2
1996,164n,0.189915228,0.087336245,0.197619048,0.20300097,2
1996,164o,0,0.087336245,0.197619048,0.20300097,2
1996,165n,0.192854667,0.087336245,0.197619048,0.202405729,2
1996,165o,0,0.087336245,0.197619048,0.202405729,2
1996,166n,0.221366756,0.080321285,0.213492063,0.201883,2
1996,166o,0,0.080321285,0.213492063,0.201883,2
1996,167n,0.267620153,0.069204152,0.245238095,0.201428746,2
1996,167o,0,0.069204152,0.245238095,0.201428746,2
1996,168n,0.283803559,0.069204152,0.245238095,0.201040103,2
1996,168o,0,0.069204152,0.245238095,0.201040103,2
1996,169n,0.357865708,0.048899756,0.34047619,0.200720057,2
1996,169o,0,0.048899756,0.34047619,0.200720057,2
1996,170n,0.402295044,0.040899796,0.403968254,0.200482623,2
1996,170o,0,0.040899796,0.403968254,0.200482623,2
1996,171n,0.411133355,0.075614367,0.451587302,0.200329466,2
1996,171o,0,0.075614367,0.451587302,0.200329466,2
1996,172n,0.716421819,0.067491564,0.753174603,0.200271781,2
1996,172o,0,0.067491564,0.753174603,0.200271781,2
1996,173n,0.847018639,0.074836296,0.911904762,0.200323901,2
1996,173o,0,0.074836296,0.911904762,0.200323901,2
1996,174n,0.863918977,0.073461892,0.927777778,0.200449858,2
1996,174o,0,0.073461892,0.927777778,0.200449858,2
1996,175n,1.282153186,0.08004574,1.499206349,0.200659016,2
1996,175o,0,0.08004574,1.499206349,0.200659016,2
1996,176n,1.311021851,0.08004574,1.499206349,0.200959202,2
1996,176o,0,0.08004574,1.499206349,0.200959202,2
1996,177n,1.322656639,0.08004574,1.499206349,0.201267309,2
1996,177o,0,0.08004574,1.499206349,0.201267309,2
1996,178n,1.304133406,0.08097166,1.483333333,0.201548211,2
1996,178o,0,0.08097166,1.483333333,0.201548211,2
1996,179n,1.226069542,0.084337349,1.428571429,0.20182637,2
1996,179o,0,0.084337349,1.428571429,0.20182637,2
1996,180n,1.226069542,0.084337349,1.428571429,0.201751292,2
1996,180o,0,0.084337349,1.428571429,0.201751292,2
1996,181n,1.210916898,0.085365854,1.412698413,0.201026006,2
1996,181o,0,0.085365854,1.412698413,0.201026006,2
1996,182n,1.210916898,0.085365854,1.412698413,0.199729868,2
1996,182o,0,0.085365854,1.412698413,0.199729868,2
1996,183n,1.22391893,0.084337349,1.428571429,0.197505225,2
1996,183o,0,0.084337349,1.428571429,0.197505225,2
1996,184n,1.22391893,0.084337349,1.428571429,0.196227574,2
1996,184o,0,0.084337349,1.428571429,0.196227574,2
1996,185n,1.226428745,0.084337349,1.428571429,0.195204897,2
1996,185o,0,0.084337349,1.428571429,0.195204897,2
1996,186n,1.226428745,0.084337349,1.428571429,0.193323106,2
1996,186o,0,0.084337349,1.428571429,0.193323106,2
1996,187n,1.206809614,0.085365854,1.412698413,0.191240851,2
1996,187o,0,0.085365854,1.412698413,0.191240851,2
1996,188n,1.160826546,0.0875,1.380952381,0.188957949,2
1996,188o,0,0.0875,1.380952381,0.188957949,2
1996,189n,1.160826546,0.0875,1.380952381,0.186492005,2
1996,189o,0,0.0875,1.380952381,0.186492005,2
1996,190n,1.074665844,0.094594595,1.285714286,0.183937735,2
1996,190o,0,0.094594595,1.285714286,0.183937735,2
1996,191n,1.040376892,0.098591549,1.238095238,0.181183741,2
1996,191o,0,0.098591549,1.238095238,0.181183741,2
1996,192n,0.974500745,0.074626866,1.142857143,0.178438951,2
1996,192o,0,0.074626866,1.142857143,0.178438951,2
1996,193n,0.667044021,0.081632653,0.841269841,0.175721356,2
1996,193o,0,0.081632653,0.841269841,0.175721356,2
1996,194n,0.549374644,0.073170732,0.698412698,0.173030654,2
1996,194o,0,0.073170732,0.698412698,0.173030654,2
1996,195n,0.535031944,0.075,0.682539683,0.170325328,2
1996,195o,0,0.075,0.682539683,0.170325328,2
1996,196n,0.106700601,0,0.095238095,0.167602135,2
1996,196o,0,0,0.095238095,0.167602135,2
1996,197n,0.106700601,0,0.095238095,0.164563282,2
1996,197o,0,0,0.095238095,0.164563282,2
1996,198n,0.106700601,0,0.095238095,0.161217963,2
1996,198o,0,0,0.095238095,0.161217963,2
1996,199n,0.106700601,0,0.095238095,0.157587032,2
1996,199o,0,0,0.095238095,0.157587032,2
1996,200n,0.106700601,0,0.095238095,0.153692109,2
1996,200o,0,0,0.095238095,0.153692109,2
1996,201n,0.106700601,0,0.095238095,0.149550569,2
1996,201o,0,0,0.095238095,0.149550569,2
1996,202n,0.106700601,0,0.095238095,0.145292311,2
1996,202o,0,0,0.095238095,0.145292311,2
1996,203n,0.124811453,0,0.111111111,0.140946694,2
1996,203o,0,0,0.111111111,0.140946694,2
1996,204n,0.111809422,0,0.095238095,0.136519417,2
1996,204o,0,0,0.095238095,0.136519417,2
1996,205n,0.111809422,0,0.095238095,0.131713023,2
1996,205o,0,0,0.095238095,0.131713023,2
1996,206n,0.097609173,0,0.095238095,0.126483569,2
1996,206o,0.010751576,0,0.095238095,0.126483569,2
1996,207n,0.385109637,0,0.333333333,0.121132646,2
1996,207o,0.010751576,0,0.333333333,0.121132646,2
1996,208n,0.385109637,0,0.333333333,0.115664807,2
1996,208o,0.010751576,0,0.333333333,0.115664807,2
1996,209n,0.385109637,0,0.333333333,0.110139677,2
1996,209o,0.010751576,0,0.333333333,0.110139677,2
1996,210n,0.418571363,0,0.365079365,0.104540182,2
1996,210o,0.010751576,0,0.365079365,0.104540182,2
1996,211n,0.418571363,0,0.365079365,0.09878808,2
1996,211o,0.010751576,0,0.365079365,0.09878808,2
1996,212n,0.397053995,0,0.349206349,0.092925866,2
1996,212o,0.010751576,0,0.349206349,0.092925866,2
1996,213n,0.377128262,0,0.333333333,0.086855051,2
1996,213o,0.010751576,0,0.333333333,0.086855051,2
1996,214n,0.377128262,0,0.333333333,0.08058604,2
1996,214o,0.010751576,0,0.333333333,0.08058604,2
1996,215n,0.358007101,0,0.317460317,0.074138456,2
1996,215o,0.010751576,0,0.317460317,0.074138456,2
1996,216n,0.485281095,0.038461538,0.428571429,0.067580702,2
1996,216o,0.010751576,0.038461538,0.428571429,0.067580702,2
1996,217n,0.466347038,0.04,0.412698413,0.060906665,2
1996,217o,0.010751576,0.04,0.412698413,0.060906665,2
1996,218n,0.466347038,0.04,0.412698413,0.054319924,2
1996,218o,0.010751576,0.04,0.412698413,0.054319924,2
1996,219n,0.466347038,0.04,0.412698413,0.04787796,2
1996,219o,0.010751576,0.04,0.412698413,0.04787796,2
1996,220n,0.826948002,0.105263158,0.666666667,0.041552165,2
1996,220o,0.010751576,0.105263158,0.666666667,0.041552165,2
1996,221n,0.982446527,0.111111111,0.793650794,0.035330582,2
1996,221o,0.010751576,0.111111111,0.793650794,0.035330582,2
1996,222n,1.210689893,0.148148148,0.984126984,0.029177704,2
1996,222o,0.010751576,0.148148148,0.984126984,0.029177704,2
1996,223n,1.231422023,0.145454545,1,0.022963371,2
1996,223o,0.010751576,0.145454545,1,0.022963371,2
1996,224n,1.280977765,0.140350877,1.031746032,0.01669386,2
1996,224o,0.010751576,0.140350877,1.031746032,0.01669386,2
1996,225n,1.280977765,0.140350877,1.031746032,0.01031938,2
1996,225o,0.010751576,0.140350877,1.031746032,0.01031938,2
1996,226n,1.280977765,0.140350877,1.031746032,0.004901188,2
1996,226o,0.010751576,0.140350877,1.031746032,0.004901188,2
1996,227n,1.575026034,0.166666667,1.222222222,0.000646869,2
1996,227o,0,0.166666667,1.222222222,0.000646869,2
1996,228n,1.28752557,0.215686275,0.984126984,-0.003223978,2
1996,228o,0,0.215686275,0.984126984,-0.003223978,2
1996,229n,1.439151897,0.214285714,1.079365079,-0.006750397,2
1996,229o,0,0.214285714,1.079365079,-0.006750397,2
1996,230n,1.501498398,0.203389831,1.126984127,-0.010051199,2
1996,230o,0,0.203389831,1.126984127,-0.010051199,2
1996,231n,1.517221742,0.203389831,1.126984127,-0.013202968,2
1996,231o,0,0.203389831,1.126984127,-0.013202968,2
1996,232n,1.861700461,0.217391304,1.333333333,-0.016012412,2
1996,232o,0,0.217391304,1.333333333,-0.016012412,2
1996,233n,1.974250325,0.202702703,1.412698413,-0.01868672,2
1996,233o,0,0.202702703,1.412698413,-0.01868672,2
1996,234n,1.996770118,0.2,1.428571429,-0.021223034,2
1996,234o,0,0.2,1.428571429,-0.021223034,2
1996,235n,1.996770118,0.2,1.428571429,-0.023685491,2
1996,235o,0,0.2,1.428571429,-0.023685491,2
1996,236n,1.996770118,0.2,1.428571429,-0.026049048,2
1996,236o,0,0.2,1.428571429,-0.026049048,2
1996,237n,1.949120764,0.191780822,1.380952381,-0.028386445,2
1996,237o,0,0.191780822,1.380952381,-0.028386445,2
1996,238n,2.049140328,0.192307692,1.476190476,-0.030415921,2
1996,238o,0,0.192307692,1.476190476,-0.030415921,2
1996,239n,2.207879009,0.170454545,1.634920635,-0.032229156,2
1996,239o,0,0.170454545,1.634920635,-0.032229156,2
1996,240n,2.231682719,0.166666667,1.666666667,-0.033857892,2
1996,240o,0,0.166666667,1.666666667,-0.033857892,2
1996,241n,1.925873976,0.1625,1.476190476,-0.035336935,2
1996,241o,0,0.1625,1.476190476,-0.035336935,2
1996,242n,1.782842256,0.162162162,1.365079365,-0.036633488,2
1996,242o,0,0.162162162,1.365079365,-0.036633488,2
1996,243n,1.565213172,0.136363636,1.19047619,-0.037890319,2
1996,243o,0,0.136363636,1.19047619,-0.037890319,2
1996,244n,1.651836538,0.131578947,1.365079365,-0.039112023,2
1996,244o,0,0.131578947,1.365079365,-0.039112023,2
1996,245n,1.602792354,0.133333333,1.349206349,-0.040281243,2
1996,245o,0,0.133333333,1.349206349,-0.040281243,2
1996,246n,1.706371359,0.141176471,1.53968254,-0.041379165,2
1996,246o,0,0.141176471,1.53968254,-0.041379165,2
1996,247n,1.706371359,0.141176471,1.53968254,-0.042303711,2
1996,247o,0,0.141176471,1.53968254,-0.042303711,2
1996,248n,1.41232309,0.12,1.333333333,-0.043077214,2
1996,248o,0,0.12,1.333333333,-0.043077214,2
1996,249n,1.41232309,0.12,1.333333333,-0.043727816,2
1996,249o,0,0.12,1.333333333,-0.043727816,2
1996,250n,1.260696762,0.114285714,1.238095238,-0.044299126,2
1996,250o,0,0.114285714,1.238095238,-0.044299126,2
1996,251n,1.198350262,0.119402985,1.19047619,-0.04473635,2
1996,251o,0,0.119402985,1.19047619,-0.04473635,2
1996,252n,1.210700443,0.157142857,1.285714286,-0.044959658,2
1996,252o,0,0.157142857,1.285714286,-0.044959658,2
1996,253n,0.873465672,0.131147541,1.095238095,-0.045048441,2
1996,253o,0,0.131147541,1.095238095,-0.045048441,2
1996,254n,0.893746576,0.135135135,1.333333333,-0.044989463,2
1996,254o,0,0.135135135,1.333333333,-0.044989463,2
1996,255n,0.981598475,0.125,1.571428571,-0.044838782,2
1996,255o,0,0.125,1.571428571,-0.044838782,2
1996,256n,1.220909738,0.088,2.158730159,-0.044565729,2
1996,256o,0,0.088,2.158730159,-0.044565729,2
1996,257n,1.228147466,0.087301587,2.174603175,-0.044262544,2
1996,257o,0,0.087301587,2.174603175,-0.044262544,2
1996,258n,1.238254826,0.087591241,2.365079365,-0.043909359,2
1996,258o,0,0.087591241,2.365079365,-0.043909359,2
1996,259n,1.143450662,0.082706767,2.285714286,-0.043621027,2
1996,259o,0,0.082706767,2.285714286,-0.043621027,2
1996,260n,0.990644974,0.088709677,2.142857143,-0.043427994,2
1996,260o,0,0.088709677,2.142857143,-0.043427994,2
1996,261n,0.966841263,0.090163934,2.111111111,-0.043294772,2
1996,261o,0,0.090163934,2.111111111,-0.043294772,2
1996,262n,0.94388413,0.098360656,2.126984127,-0.043201487,2
1996,262o,0,0.098360656,2.126984127,-0.043201487,2
1996,263n,0.985536561,0.11627907,2.285714286,-0.043221859,2
1996,263o,0,0.11627907,2.285714286,-0.043221859,2
1996,264n,0.990738664,0.122137405,2.333333333,-0.043240646,2
1996,264o,0,0.122137405,2.333333333,-0.043240646,2
1996,265n,0.883383167,0.125,2.142857143,-0.043260278,2
1996,265o,0,0.125,2.142857143,-0.043260278,2
1996,266n,0.864760757,0.127118644,2.111111111,-0.043216997,2
1996,266o,0,0.127118644,2.111111111,-0.043216997,2
1996,267n,0.761181752,0.12037037,1.920634921,-0.043068718,2
1996,267o,0,0.12037037,1.920634921,-0.043068718,2
1996,268n,0.778028017,0.116071429,1.984126984,-0.042971932,2
1996,268o,0,0.116071429,1.984126984,-0.042971932,2
1996,269n,0.794147277,0.113043478,2.031746032,-0.042980964,2
1996,269o,0,0.113043478,2.031746032,-0.042980964,2
1996,270n,0.823861892,0.116666667,2.126984127,-0.04310164,2
1996,270o,0,0.116666667,2.126984127,-0.04310164,2
1996,271n,0.828854455,0.115702479,2.142857143,-0.043329983,2
1996,271o,0,0.115702479,2.142857143,-0.043329983,2
1996,272n,0.835002647,0.114754098,2.158730159,-0.043691635,2
1996,272o,0,0.114754098,2.158730159,-0.043691635,2
1996,273n,0.783640968,0.092436975,2.063492063,-0.044267336,2
1996,273o,0,0.092436975,2.063492063,-0.044267336,2
1996,274n,0.819105265,0.088,2.158730159,-0.045011128,2
1996,274o,0,0.088,2.158730159,-0.045011128,2
1996,275n,0.695825801,0.082568807,1.873015873,-0.046000074,3
1996,275o,0,0.082568807,1.873015873,-0.046000074,3
1996,276n,0.590679802,0.084210526,1.634920635,-0.047187432,3
1996,276o,0,0.084210526,1.634920635,-0.047187432,3
1996,277n,0.351368539,0.137931034,1.047619048,-0.048552275,3
1996,277o,0,0.137931034,1.047619048,-0.048552275,3
1996,278n,0.34413081,0.140350877,1.031746032,-0.049967387,3
1996,278o,0,0.140350877,1.031746032,-0.049967387,3
1996,279n,0.259865559,0.162790698,0.793650794,-0.051405126,3
1996,279o,0,0.162790698,0.793650794,-0.051405126,3
1996,280n,0.345354058,0.120689655,1.031746032,-0.052798757,3
1996,280o,0,0.120689655,1.031746032,-0.052798757,3
1996,281n,0.359611151,0.116666667,1.063492063,-0.05385646,3
1996,281o,0,0.116666667,1.063492063,-0.05385646,3
1996,282n,0.42288383,0.1,1.222222222,-0.054610468,3
1996,282o,0,0.1,1.222222222,-0.054610468,3
1996,283n,0.410450776,0.071428571,1.19047619,-0.055084467,3
1996,283o,0,0.071428571,1.19047619,-0.055084467,3
1996,284n,0.379978787,0.030769231,1.063492063,-0.055210151,3
1996,284o,0,0.030769231,1.063492063,-0.055210151,3
1996,285n,0.39230815,0.015151515,1.063492063,-0.05503434,3
1996,285o,0,0.015151515,1.063492063,-0.05503434,3
1996,286n,0.39230815,0.015151515,1.063492063,-0.05455388,3
1996,286o,0,0.015151515,1.063492063,-0.05455388,3
1996,287n,0.39230815,0.015151515,1.063492063,-0.053811069,3
1996,287o,0,0.015151515,1.063492063,-0.053811069,3
1996,288n,0.399783168,0.014925373,1.079365079,-0.052901626,3
1996,288o,0,0.014925373,1.079365079,-0.052901626,3
1996,289n,0.392991423,0.015625,1.031746032,-0.051862719,3
1996,289o,0,0.015625,1.031746032,-0.051862719,3
1996,290n,0.392132163,0.015873016,1.015873016,-0.050725035,3
1996,290o,0,0.015873016,1.015873016,-0.050725035,3
1996,291n,0.380382039,0,0.952380952,-0.049491065,3
1996,291o,0,0,0.952380952,-0.049491065,3
1996,292n,0.383665953,0,0.952380952,-0.048179385,3
1996,292o,0,0,0.952380952,-0.048179385,3
1996,293n,0.386392617,0,0.952380952,-0.046823548,3
1996,293o,0,0,0.952380952,-0.046823548,3
1996,294n,0.413402088,0,0.984126984,-0.045417135,3
1996,294o,0,0,0.984126984,-0.045417135,3
1996,295n,0.422937115,0,0.968253968,-0.04392191,3
1996,295o,0,0,0.968253968,-0.04392191,3
1996,296n,0.413385811,0,0.936507937,-0.042109509,3
1996,296o,0,0,0.936507937,-0.042109509,3
1996,297n,0.430496939,0,0.952380952,-0.039970605,3
1996,297o,0,0,0.952380952,-0.039970605,3
1996,298n,0.430496939,0,0.952380952,-0.037503208,3
1996,298o,0,0,0.952380952,-0.037503208,3
1996,299n,0.472292666,0,1.015873016,-0.034760773,3
1996,299o,0,0,1.015873016,-0.034760773,3
1996,300n,0.497667427,0,1.047619048,-0.031748423,3
1996,300o,0,0,1.047619048,-0.031748423,3
1996,301n,0.447976513,0,0.841269841,-0.028463913,3
1996,301o,0,0,0.841269841,-0.028463913,3
1996,302n,0.582202808,0,1.015873016,-0.025266151,3
1996,302o,0,0,1.015873016,-0.025266151,3
1996,303n,0.602783727,0,0.952380952,-0.022195451,3
1996,303o,0,0,0.952380952,-0.022195451,3
1996,304n,0.612774978,0,0.936507937,-0.019216486,3
1996,304o,0,0,0.936507937,-0.019216486,3
1996,305n,0.634409288,0,0.952380952,-0.016409197,3
1996,305o,0,0,0.952380952,-0.016409197,3
1996,306n,0.60626354,0,0.888888889,-0.013775778,3
1996,306o,0,0,0.888888889,-0.013775778,3
1996,307n,0.624228706,0,0.904761905,-0.011418399,3
1996,307o,0,0,0.904761905,-0.011418399,3
1996,308n,0.637534514,0,0.920634921,-0.009345776,3
1996,308o,0,0,0.920634921,-0.009345776,3
1996,309n,0.677052081,0,0.952380952,-0.007451909,3
1996,309o,0,0,0.952380952,-0.007451909,3
1996,310n,0.767046844,0,1.015873016,-0.005699375,3
1996,310o,0.038451868,0,1.015873016,-0.005699375,3
1996,311n,0.975278979,0,1.857142857,-0.004038548,3
1996,311o,0.038451868,0,1.857142857,-0.004038548,3
1996,312n,1.082721981,0,1.888888889,-0.002416545,3
1996,312o,0.241463844,0,1.888888889,-0.002416545,3
1996,313n,1.074445504,0,1.873015873,-0.000850422,3
1996,313o,0.241463844,0,1.873015873,-0.000850422,3
1996,314n,1.088162377,0,1.873015873,0.000694706,3
1996,314o,0.241463844,0,1.873015873,0.000694706,3
1996,315n,1.090291074,0,1.841269841,0.002190363,3
1996,315o,0.241463844,0,1.841269841,0.002190363,3
1996,316n,1.056256294,0,1.761904762,0.003729016,3
1996,316o,0.241463844,0,1.761904762,0.003729016,3
1996,317n,1.056256294,0,1.761904762,0.005108998,3
1996,317o,0.241463844,0,1.761904762,0.005108998,3
1996,318n,1.04763315,0,1.746031746,0.00637223,3
1996,318o,0.241463844,0,1.746031746,0.00637223,3
1996,319n,1.04763315,0,1.746031746,0.007477103,3
1996,319o,0.241463844,0,1.746031746,0.007477103,3
1996,320n,1.017365801,0,1.698412698,0.00843775,3
1996,320o,0.241463844,0,1.698412698,0.00843775,3
1996,321b,4.693334817,0,1.650793651,0.009253254,3
1996,321n,0.986524292,0,1.650793651,0.009253254,3
1996,321o,0.241463844,0,1.650793651,0.009253254,3
1996,322n,0.956877785,0,1.619047619,0.009655692,3
1996,322o,0.241463844,0,1.619047619,0.009655692,3
1996,323n,0.813716309,0,1.412698413,0.01024361,3
1996,323o,0.241463844,0,1.412698413,0.01024361,3
1996,324n,0.774932502,0,1.380952381,0.011145284,3
1996,324o,0.241463844,0,1.380952381,0.011145284,3
1996,325n,0.804249655,0,1.412698413,0.01229016,3
1996,325o,0.241463844,0,1.412698413,0.01229016,3
1996,326n,0.793065852,0,1.396825397,0.013755532,3
1996,326o,0.241463844,0,1.396825397,0.013755532,3
1996,327n,0.826659076,0,1.444444444,0.015517221,3
1996,327o,0.241463844,0,1.444444444,0.015517221,3
1996,328n,0.808693911,0,1.428571429,0.017671134,3
1996,328o,0.241463844,0,1.428571429,0.017671134,3
1996,329n,0.795388102,0,1.412698413,0.020291542,3
1996,329o,0.241463844,0,1.412698413,0.020291542,3
1996,330n,0.748395518,0,1.365079365,0.023416077,3
1996,330o,0.241463844,0,1.365079365,0.023416077,3
1996,331n,0.648346234,0,1.285714286,0.02713851,3
1996,331o,0.203011975,0,1.285714286,0.02713851,3
1996,332n,0.437812086,0,0.428571429,0.03140081,3
1996,332o,0.203011975,0,0.428571429,0.03140081,3
1996,333n,0.312404593,0,0.365079365,0.036155439,3
1996,333o,0,0,0.365079365,0.036155439,3
1996,334n,0.326586719,0,0.380952381,0.041391308,3
1996,334o,0,0,0.380952381,0.041391308,3
1996,335n,0.335338451,0,0.396825397,0.047076885,3
1996,335o,0,0,0.396825397,0.047076885,3
1996,336n,0.339448403,0,0.412698413,0.05315545,3
1996,336o,0,0,0.412698413,0.05315545,3
1996,337n,0.339711719,0,0.412698413,0.059303982,3
1996,337o,0,0,0.412698413,0.059303982,3
1996,338n,0.419588282,0,0.476190476,0.065479598,3
1996,338o,0,0,0.476190476,0.065479598,3
1996,339n,0.405874605,0,0.46031746,0.071418777,3
1996,339o,0,0,0.46031746,0.071418777,3
1996,340n,0.405874605,0,0.46031746,0.077074568,3
1996,340o,0,0,0.46031746,0.077074568,3
1996,341n,0.41683153,0,0.46031746,0.082173641,3
1996,341o,0,0,0.46031746,0.082173641,3
1996,342n,0.463213484,0,0.492063492,0.08673634,3
1996,342o,0,0,0.492063492,0.08673634,3
1996,343n,0.499724703,0,0.507936508,0.090949503,3
1996,343o,0,0,0.507936508,0.090949503,3
1996,344n,0.512183448,0,0.507936508,0.09481211,3
1996,344o,0,0,0.507936508,0.09481211,3
1996,345n,0.467113657,0,0.444444444,0.098354305,3
1996,345o,0,0,0.444444444,0.098354305,3
1996,346n,0.495908443,0,0.428571429,0.101571635,3
1996,346o,0,0,0.428571429,0.101571635,3
1996,347n,0.601486758,0,0.492063492,0.104507357,3
1996,347o,0,0,0.492063492,0.104507357,3
1996,348n,0.986814816,0.023255814,0.698412698,0.107225984,3
1996,348o,0,0.023255814,0.698412698,0.107225984,3
1996,349n,1.030195494,0.022222222,0.73015873,0.109774011,3
1996,349o,0,0.022222222,0.73015873,0.109774011,3
1996,350n,1.111764375,0.020408163,0.793650794,0.112136137,3
1996,350o,0,0.020408163,0.793650794,0.112136137,3
1996,351n,1.153093263,0.019607843,0.825396825,0.114407724,3
1996,351o,0,0.019607843,0.825396825,0.114407724,3
1996,352n,1.153093263,0.019607843,0.825396825,0.116546726,3
1996,352o,0,0.019607843,0.825396825,0.116546726,3
1996,353n,1.419764836,0.015873016,1.015873016,0.118610664,3
1996,353o,0,0.015873016,1.015873016,0.118610664,3
1996,354n,1.542568744,0.014492754,1.111111111,0.120607011,3
1996,354o,0,0.014492754,1.111111111,0.120607011,3
1996,355n,1.589477973,0.014084507,1.142857143,0.122545611,3
1996,355o,0,0.014084507,1.142857143,0.122545611,3
1996,356n,1.888102975,0.012345679,1.301587302,0.124427719,3
1996,356o,0,0.012345679,1.301587302,0.124427719,3
1996,357n,1.969156342,0.012048193,1.333333333,0.126229627,3
1996,357o,0,0.012048193,1.333333333,0.126229627,3
1996,358n,2.192769263,0.010869565,1.476190476,0.128128869,3
1996,358o,0,0.010869565,1.476190476,0.128128869,3
1996,359n,2.301128006,0.010416667,1.53968254,0.130083076,3
1996,359o,0,0.010416667,1.53968254,0.130083076,3
1996,360n,2.440183115,0.00990099,1.619047619,0.132152821,3
1996,360o,0,0.00990099,1.619047619,0.132152821,3
1996,361n,2.773647163,0.027027027,1.80952381,0.134219594,3
1996,361o,0,0.027027027,1.80952381,0.134219594,3
1996,362n,2.893666211,0.025862069,1.888888889,0.136377716,3
1996,362o,0,0.025862069,1.888888889,0.136377716,3
1996,363n,3.261523666,0.039370079,2.095238095,0.138635883,3
1996,363o,0,0.039370079,2.095238095,0.138635883,3
1996,364n,3.675538894,0.034482759,2.380952381,0.140491593,3
1996,364o,0,0.034482759,2.380952381,0.140491593,3
1996,365n,3.706250999,0.034246575,2.396825397,0.141853023,3
1996,365o,0,0.034246575,2.396825397,0.141853023,3
1996,366n,3.892111604,0.032467532,2.523809524,0.142697617,3
1996,366o,0,0.032467532,2.523809524,0.142697617,3
1996,367n,3.830234274,0.032894737,2.492063492,0.142992171,3
1996,367o,0,0.032894737,2.492063492,0.142992171,3
1996,368n,3.915241605,0.039215686,2.523809524,0.142792539,3
1996,368o,0,0.039215686,2.523809524,0.142792539,3
1996,369n,3.762022344,0.034965035,2.349206349,0.142040087,3
1996,369o,0,0.034965035,2.349206349,0.142040087,3
1996,370n,5.76394687,0.053254438,2.825396825,0.14068234,3
1996,370o,0,0.053254438,2.825396825,0.14068234,3
1996,371n,5.898408814,0.052941176,2.841269841,0.138735484,3
1996,371o,0,0.052941176,2.841269841,0.138735484,3
1996,372n,6.484351251,0.056818182,2.952380952,0.136128582,3
1996,372o,0,0.056818182,2.952380952,0.136128582,3
1996,373n,6.604358795,0.055865922,3,0.13286634,4
1996,373o,0,0.055865922,3,0.13286634,4
1996,374n,6.948668704,0.079096045,3.031746032,0.128911426,4
1996,374o,0,0.079096045,3.031746032,0.128911426,4
1996,375n,7.704171622,0.087628866,3.349206349,0.124311768,4
1996,375o,0,0.087628866,3.349206349,0.124311768,4
1996,376n,8.077713554,0.09,3.46031746,0.119136959,4
1996,376o,0,0.09,3.46031746,0.119136959,4
1996,377n,7.887354416,0.09947644,3.333333333,0.113466155,4
1996,377o,0,0.09947644,3.333333333,0.113466155,4
1996,378n,8.094846388,0.104166667,3.365079365,0.107378395,4
1996,378o,0,0.104166667,3.365079365,0.107378395,4
1996,379n,8.147143696,0.117647059,3.317460317,0.100927297,4
1996,379o,0,0.117647059,3.317460317,0.100927297,4
1996,380n,8.10609278,0.132596685,3.253968254,0.094380554,4
1996,380o,0,0.132596685,3.253968254,0.094380554,4
1996,381n,9.394750479,0.165829146,3.682539683,0.087796144,4
1996,381o,0,0.165829146,3.682539683,0.087796144,4
1996,382n,10.27659073,0.201923077,3.968253968,0.081562744,4
1996,382o,0,0.201923077,3.968253968,0.081562744,4
1996,383n,10.71078768,0.203703704,4.126984127,0.075603519,4
1996,383o,0.030848602,0.203703704,4.126984127,0.075603519,4
1996,384n,10.89904829,0.200892857,4.26984127,0.070003559,4
1996,384o,0.098893577,0.200892857,4.26984127,0.070003559,4
1996,385n,10.66213092,0.212264151,4.079365079,0.06476392,4
1996,385o,0.098893577,0.212264151,4.079365079,0.06476392,4
1996,386n,10.71091065,0.213953488,4.142857143,0.059822275,4
1996,386o,0.098893577,0.213953488,4.142857143,0.059822275,4
1996,387n,10.78837575,0.213953488,4.142857143,0.055277258,4
1996,387o,0.098893577,0.213953488,4.142857143,0.055277258,4
1996,388n,11.19920549,0.205240175,4.380952381,0.051111241,4
1996,388o,0.098893577,0.205240175,4.380952381,0.051111241,4
1996,389n,11.25458989,0.205240175,4.380952381,0.047287877,4
1996,389o,0.098893577,0.205240175,4.380952381,0.047287877,4
1996,390n,11.47915143,0.205240175,4.380952381,0.04377888,4
1996,390o,0.098893577,0.205240175,4.380952381,0.04377888,4
1996,391n,10.25676119,0.215517241,4.476190476,0.040641103,4
1996,391o,0.098893577,0.215517241,4.476190476,0.040641103,4
1996,392n,10.5911512,0.219917012,4.666666667,0.037784848,4
1996,392o,0.098893577,0.219917012,4.666666667,0.037784848,4
1996,393n,10.96961103,0.196969697,5.015873016,0.035180382,4
1996,393o,0.098893577,0.196969697,5.015873016,0.035180382,4
1996,394n,10.97762991,0.195488722,5.047619048,0.032825382,4
1996,394o,0.098893577,0.195488722,5.047619048,0.032825382,4
1996,395n,10.78225952,0.182835821,5.031746032,0.030797445,4
1996,395o,0.098893577,0.182835821,5.031746032,0.030797445,4
1996,396n,9.95403231,0.186234818,4.650793651,0.029087461,4
1996,396o,0.098893577,0.186234818,4.650793651,0.029087461,4
1996,397n,10.14565187,0.178294574,4.825396825,0.027656099,4
1996,397o,0.098893577,0.178294574,4.825396825,0.027656099,4
1996,398n,10.12211723,0.178294574,4.825396825,0.02648659,4
1996,398o,0.098893577,0.178294574,4.825396825,0.02648659,4
1996,399n,9.987489938,0.178988327,4.80952381,0.025662865,4
1996,399o,0.098893577,0.178988327,4.80952381,0.025662865,4
1996,400n,10.08856051,0.173076923,4.841269841,0.025124428,4
1996,400o,0.098893577,0.173076923,4.841269841,0.025124428,4
1996,401n,11.13393318,0.165467626,5.142857143,0.024770733,4
1996,401o,0.098893577,0.165467626,5.142857143,0.024770733,4
1996,402n,11.55324162,0.15658363,5.158730159,0.02468685,4
1996,402o,0.098893577,0.15658363,5.158730159,0.02468685,4
1996,403n,12.10702312,0.134275618,5.095238095,0.024657262,4
1996,403o,0.098893577,0.134275618,5.095238095,0.024657262,4
1996,404n,11.99121756,0.141818182,4.984126984,0.024659639,4
1996,404o,0.068044976,0.141818182,4.984126984,0.024659639,4
1996,405n,11.69321517,0.166666667,5.111111111,0.024673143,4
1996,405o,0.995705629,0.166666667,5.111111111,0.024673143,4
1996,406n,12.05827607,0.176056338,5.301587302,0.024653398,4
1996,406o,1.465679749,0.176056338,5.301587302,0.024653398,4
1996,407n,11.95507059,0.17562724,5.206349206,0.024656555,4
1996,407o,1.465679749,0.17562724,5.206349206,0.024656555,4
1996,408n,12.03119833,0.1886121,5.301587302,0.02461282,4
1996,408o,1.465679749,0.1886121,5.301587302,0.02461282,4
1996,409n,12.08908609,0.192727273,5.206349206,0.024472554,4
1996,409o,1.465679749,0.192727273,5.206349206,0.024472554,4
1996,410n,13.53825828,0.209836066,5.857142857,0.024206895,4
1996,410o,1.465679749,0.209836066,5.857142857,0.024206895,4
1996,411n,14.7560424,0.216981132,6.142857143,0.023821669,4
1996,411o,1.465679749,0.216981132,6.142857143,0.023821669,4
1996,412n,15.01369656,0.225396825,6.126984127,0.023252594,4
1996,412o,1.465679749,0.225396825,6.126984127,0.023252594,4
1996,413n,14.81599464,0.220064725,5.984126984,0.022517319,4
1996,413o,1.465679749,0.220064725,5.984126984,0.022517319,4
1996,414n,13.91377692,0.241134752,5.555555556,0.021676871,4
1996,414o,1.465679749,0.241134752,5.555555556,0.021676871,4
1996,415n,13.98770046,0.244680851,5.571428571,0.02076178,4
1996,415o,1.465679749,0.244680851,5.571428571,0.02076178,4
1996,416n,13.55913137,0.252788104,5.349206349,0.01972073,4
1996,416o,1.465679749,0.252788104,5.349206349,0.01972073,4
1996,417n,13.64411549,0.256505576,5.365079365,0.018536233,4
1996,417o,1.465679749,0.256505576,5.365079365,0.018536233,4
1996,418n,14.41940372,0.27037037,5.444444444,0.017228321,4
1996,418o,1.545932272,0.27037037,5.444444444,0.017228321,4
1996,419n,16.42248188,0.258389262,5.952380952,0.015875696,4
1996,419o,1.545932272,0.258389262,5.952380952,0.015875696,4
1996,420n,16.22514214,0.259385666,5.857142857,0.014370805,4
1996,420o,1.545932272,0.259385666,5.857142857,0.014370805,4
1996,421n,15.82968953,0.263157895,5.714285714,0.012788007,4
1996,421o,1.545932272,0.263157895,5.714285714,0.012788007,4
1996,422n,15.28175894,0.27037037,5.444444444,0.01119286,4
1996,422o,1.545932272,0.27037037,5.444444444,0.01119286,4
1996,423n,13.4347377,0.270491803,4.920634921,0.009464724,4
1996,423o,1.545932272,0.270491803,4.920634921,0.009464724,4
1996,424n,12.79504854,0.277056277,4.682539683,0.007702756,4
1996,424o,2.092874437,0.277056277,4.682539683,0.007702756,4
1996,425n,12.73833592,0.27753304,4.603174603,0.005974429,4
1996,425o,2.092874437,0.27753304,4.603174603,0.005974429,4
1996,426n,13.08170199,0.268867925,4.26984127,0.004282248,4
1996,426o,1.097168808,0.268867925,4.26984127,0.004282248,4
1996,427n,13.90395861,0.279411765,4.142857143,0.002690726,4
1996,427o,0.627194688,0.279411765,4.142857143,0.002690726,4
1996,428n,14.70167287,0.28708134,4.26984127,0.001185497,4
1996,428o,0.627194688,0.28708134,4.26984127,0.001185497,4
1996,429n,15.25022092,0.285714286,4.142857143,-0.000210755,4
1996,429o,0.627194688,0.285714286,4.142857143,-0.000210755,4
1996,430n,15.4189297,0.295566502,4.174603175,-0.001477493,4
1996,430o,0.627194688,0.295566502,4.174603175,-0.001477493,4
1996,431n,16.37223396,0.262910798,4.26984127,-0.002625743,4
1996,431o,0.627194688,0.262910798,4.26984127,-0.002625743,4
1996,432n,15.06675974,0.253731343,4,-0.003678879,4
1996,432o,0.627194688,0.253731343,4,-0.003678879,4
1996,433n,15.56431454,0.239361702,3.698412698,-0.004607586,4
1996,433o,0.627194688,0.239361702,3.698412698,-0.004607586,4
1996,434n,15.55134859,0.244565217,3.634920635,-0.005373951,4
1996,434o,0.627194688,0.244565217,3.634920635,-0.005373951,4
1996,435n,16.64308468,0.247474747,3.920634921,-0.006020797,5
1996,435o,0.627194688,0.247474747,3.920634921,-0.006020797,5
1996,436n,16.74922085,0.242424242,3.904761905,-0.006594503,5
1996,436o,0.627194688,0.242424242,3.904761905,-0.006594503,5
1996,437n,16.74922085,0.242424242,3.904761905,-0.007091159,5
1996,437o,0.627194688,0.242424242,3.904761905,-0.007091159,5
1996,438n,17.01892759,0.237623762,3.968253968,-0.00748708,5
1996,438o,0.627194688,0.237623762,3.968253968,-0.00748708,5
1996,439n,15.70493351,0.236263736,3.571428571,-0.007810218,5
1996,439o,0.546942165,0.236263736,3.571428571,-0.007810218,5
1996,440n,14.28541894,0.26519337,3.634920635,-0.008205613,5
1996,440o,1.570091156,0.26519337,3.634920635,-0.008205613,5
1996,441n,14.32719759,0.252475248,4.015873016,-0.00855294,5
1996,441o,2.693255137,0.252475248,4.015873016,-0.00855294,5
1996,442n,14.32719759,0.24537037,4.26984127,-0.008817819,5
1996,442o,3.368693128,0.24537037,4.26984127,-0.008817819,5
1996,443n,13.68257113,0.243119266,4.301587302,-0.009058166,5
1996,443o,3.714503098,0.243119266,4.301587302,-0.009058166,5
1996,444n,13.68257113,0.243243243,4.380952381,-0.009175862,5
1996,444o,3.961538589,0.243243243,4.380952381,-0.009175862,5
1996,445n,12.55317448,0.238317757,4.206349206,-0.009178039,5
1996,445o,3.414596424,0.238317757,4.206349206,-0.009178039,5
1996,446n,12.45274193,0.231481481,4.222222222,-0.009112485,5
1996,446o,3.414596424,0.231481481,4.222222222,-0.009112485,5
1996,447n,11.99064373,0.215962441,4.111111111,-0.008955154,5
1996,447o,3.414596424,0.215962441,4.111111111,-0.008955154,5
1996,448n,10.97835835,0.209302326,4.126984127,-0.00873131,5
1996,448o,3.48770395,0.209302326,4.126984127,-0.00873131,5
1996,449n,12.68260113,0.180076628,4.888888889,-0.008408394,5
1996,449o,3.985652687,0.180076628,4.888888889,-0.008408394,5
1996,450n,12.81667702,0.185185185,5.079365079,-0.007973242,5
1996,450o,4.064579807,0.185185185,5.079365079,-0.007973242,5
1996,451n,14.52852977,0.184397163,5.301587302,-0.007421837,5
1996,451o,4.102972644,0.184397163,5.301587302,-0.007421837,5
1996,452n,12.64698349,0.18442623,4.587301587,-0.006739399,5
1996,452o,4.236033053,0.18442623,4.587301587,-0.006739399,5
1996,453n,12.9564009,0.199186992,4.682539683,-0.005887164,5
1996,453o,4.321167336,0.199186992,4.682539683,-0.005887164,5
1996,454n,11.60453289,0.2,4.476190476,-0.004871857,5
1996,454o,4.321167336,0.2,4.476190476,-0.004871857,5
1996,455n,11.61739064,0.20746888,4.619047619,-0.003729953,5
1996,455o,4.321167336,0.20746888,4.619047619,-0.003729953,5
1996,456n,10.42214113,0.206278027,4.26984127,-0.002412712,5
1996,456o,4.321167336,0.206278027,4.26984127,-0.002412712,5
1996,457n,10.75678833,0.209401709,4.492063492,-0.00089326,5
1996,457o,4.321167336,0.209401709,4.492063492,-0.00089326,5
1996,458n,10.82683947,0.207627119,4.523809524,0.000836464,5
1996,458o,4.321167336,0.207627119,4.523809524,0.000836464,5
1996,459n,10.9306915,0.211618257,4.634920635,0.00276144,5
1996,459o,4.321167336,0.211618257,4.634920635,0.00276144,5
1996,460n,11.44970582,0.217741935,4.793650794,0.004891184,5
1996,460o,4.321167336,0.217741935,4.793650794,0.004891184,5
1996,461n,10.75006754,0.200913242,4.174603175,0.007374153,5
1996,461o,3.328551823,0.200913242,4.174603175,0.007374153,5
1996,462n,10.77024344,0.205,3.825396825,0.010086947,5
1996,462o,2.231706937,0.205,3.825396825,0.010086947,5
1996,463n,11.23755893,0.209424084,3.666666667,0.012850986,5
1996,463o,1.586543682,0.209424084,3.666666667,0.012850986,5
1996,464n,13.0725052,0.192488263,4.031746032,0.015712213,5
1996,464o,1.272190936,0.192488263,4.031746032,0.015712213,5
1996,465n,14.47957642,0.196581197,4.444444444,0.018641086,5
1996,465o,1.025155445,0.196581197,4.444444444,0.018641086,5
1996,466n,14.47957642,0.196581197,4.444444444,0.021655432,5
1996,466o,1.025155445,0.196581197,4.444444444,0.021655432,5
1996,467n,14.17582585,0.195652174,4.365079365,0.024786494,5
1996,467o,1.025155445,0.195652174,4.365079365,0.024786494,5
1996,468n,14.02443102,0.198237885,4.317460317,0.028036736,5
1996,468o,1.025155445,0.198237885,4.317460317,0.028036736,5
1996,469n,14.47971072,0.183760684,4.396825397,0.031373369,5
1996,469o,0.952047919,0.183760684,4.396825397,0.031373369,5
1996,470n,12.23237493,0.207446809,3.603174603,0.03474118,5
1996,470o,0.454099182,0.207446809,3.603174603,0.03474118,5
1996,471n,11.25915028,0.193181818,3.333333333,0.038138083,5
1996,471o,0.375172063,0.193181818,3.333333333,0.038138083,5
1996,472n,10.35572913,0.191489362,3.555555556,0.041572729,5
1996,472o,0.336779225,0.191489362,3.555555556,0.041572729,5
1996,473n,9.642394482,0.2,3.428571429,0.045082842,5
1996,473o,0.230914133,0.2,3.428571429,0.045082842,5
1996,474n,9.469857553,0.184782609,3.46031746,0.048552426,5
1996,474o,0.14577985,0.184782609,3.46031746,0.048552426,5
1996,475n,9.243601632,0.183333333,3.380952381,0.051956948,5
1996,475o,0.14577985,0.183333333,3.380952381,0.051956948,5
1996,476n,8.89099091,0.176470588,3.174603175,0.055280569,5
1996,476o,0.14577985,0.176470588,3.174603175,0.055280569,5
1996,477n,9.425859724,0.193181818,3.333333333,0.058481201,5
1996,477o,0.14577985,0.193181818,3.333333333,0.058481201,5
1996,478n,10.07049409,0.213903743,3.603174603,0.061559682,5
1996,478o,0.14577985,0.213903743,3.603174603,0.061559682,5
1996,479n,11.04641176,0.226851852,4.206349206,0.064500526,5
1996,479o,0.14577985,0.226851852,4.206349206,0.064500526,5
1996,480n,10.53778927,0.224390244,3.984126984,0.067317818,5
1996,480o,0.14577985,0.224390244,3.984126984,0.067317818,5
1996,481n,10.02089803,0.22,3.873015873,0.070042438,5
1996,481o,0.14577985,0.22,3.873015873,0.070042438,5
1996,482n,10.02089803,0.221105528,3.857142857,0.072559095,5
1996,482o,0.115246372,0.221105528,3.857142857,0.072559095,5
1996,483n,10.26967202,0.212560386,3.984126984,0.074859411,5
1996,483o,0.088927277,0.212560386,3.984126984,0.074859411,5
1996,484n,9.883593011,0.209756098,3.936507937,0.077083202,5
1996,484o,0.058652541,0.209756098,3.936507937,0.077083202,5
1996,485n,8.074376137,0.231638418,3.46031746,0.079223837,5
1996,485o,0.027195317,0.231638418,3.46031746,0.079223837,5
1996,486n,6.66730491,0.230263158,2.968253968,0.081335523,5
1996,486o,0.027195317,0.230263158,2.968253968,0.081335523,5
1996,487n,6.66730491,0.230263158,2.968253968,0.083333599,5
1996,487o,0.027195317,0.230263158,2.968253968,0.083333599,5
1996,488n,6.66730491,0.230263158,2.968253968,0.085183731,5
1996,488o,0.027195317,0.230263158,2.968253968,0.085183731,5
1996,489n,6.632934239,0.231788079,2.952380952,0.086829266,5
1996,489o,0.027195317,0.231788079,2.952380952,0.086829266,5
1996,490n,6.182692306,0.236486486,2.904761905,0.088279145,5
1996,490o,0.027195317,0.236486486,2.904761905,0.088279145,5
1996,491n,6.703078784,0.193181818,3.333333333,0.089552825,5
1996,491o,0.027195317,0.193181818,3.333333333,0.089552825,5
1996,492n,6.738043335,0.189944134,3.380952381,0.090625947,5
1996,492o,0.027195317,0.189944134,3.380952381,0.090625947,5
1996,493n,5.309430412,0.181208054,2.793650794,0.091526933,5
1996,493o,0.027195317,0.181208054,2.793650794,0.091526933,5
1996,494n,5.402629605,0.179487179,2.920634921,0.092146775,5
1996,494o,0,0.179487179,2.920634921,0.092146775,5
1996,495n,5.149497608,0.17791411,3.047619048,0.092694359,5
1996,495o,0,0.17791411,3.047619048,0.092694359,5
1996,496n,5.511933168,0.179347826,3.444444444,0.093193087,5
1996,496o,0,0.179347826,3.444444444,0.093193087,5
1996,497n,5.846402137,0.174129353,3.746031746,0.093595049,5
1996,497o,0,0.174129353,3.746031746,0.093595049,5
1996,498n,5.311533324,0.158974359,3.587301587,0.093964445,5
1996,498o,0,0.158974359,3.587301587,0.093964445,5
1996,499n,4.081435146,0.128654971,3.063492063,0.094305698,6
1996,499o,0,0.128654971,3.063492063,0.094305698,6
1996,500n,3.272403555,0.082802548,2.698412698,0.094632737,6
1996,500o,0,0.082802548,2.698412698,0.094632737,6
1996,501n,3.272403555,0.082802548,2.698412698,0.094855408,6
1996,501o,0,0.082802548,2.698412698,0.094855408,6
1996,502n,3.234074497,0.082802548,2.698412698,0.094924765,6
1996,502o,0,0.082802548,2.698412698,0.094924765,6
1996,503n,3.46088018,0.073863636,3,0.094920714,6
1996,503o,0,0.073863636,3,0.094920714,6
1996,504n,3.183023314,0.083832335,2.873015873,0.094989565,6
1996,504o,0,0.083832335,2.873015873,0.094989565,6
1996,505n,3.101786846,0.085365854,2.825396825,0.095015518,6
1996,505o,0,0.085365854,2.825396825,0.095015518,6
1996,506n,3.076057448,0.085889571,2.80952381,0.095042691,6
1996,506o,0,0.085889571,2.80952381,0.095042691,6
1996,507n,3.076057448,0.085889571,2.80952381,0.094941353,6
1996,507o,0,0.085889571,2.80952381,0.094941353,6
1996,508n,3.076057448,0.085889571,2.80952381,0.094756016,6
1996,508o,0,0.085889571,2.80952381,0.094756016,6
1996,509n,3.076057448,0.085889571,2.80952381,0.094469151,6
1996,509o,0,0.085889571,2.80952381,0.094469151,6
1996,510n,3.153639651,0.084337349,2.857142857,0.094171504,6
1996,510o,0,0.084337349,2.857142857,0.094171504,6
1996,511n,2.779891626,0.08496732,2.634920635,0.093874421,6
1996,511o,0,0.08496732,2.634920635,0.093874421,6
1996,512n,2.1605203,0.103174603,2.206349206,0.093553257,6
1996,512o,0,0.103174603,2.206349206,0.093553257,6
1996,513n,2.076703002,0.106557377,2.142857143,0.093239215,6
1996,513o,0,0.106557377,2.142857143,0.093239215,6
1996,514n,2.102326711,0.107438017,2.126984127,0.092841189,6
1996,514o,0,0.107438017,2.126984127,0.092841189,6
1996,515n,1.921464205,0.097345133,1.968253968,0.092516811,6
1996,515o,0.051061297,0.097345133,1.968253968,0.092516811,6
1996,516n,1.972503606,0.078431373,1.746031746,0.09213593,6
1996,516o,0.051061297,0.078431373,1.746031746,0.09213593,6
1996,517n,1.761933581,0.05952381,1.412698413,0.091727208,6
1996,517o,0.051061297,0.05952381,1.412698413,0.091727208,6
1996,518n,1.460765049,0.044117647,1.126984127,0.09137636,6
1996,518o,0.051061297,0.044117647,1.126984127,0.09137636,6
1996,519n,1.460765049,0.044117647,1.126984127,0.090975417,6
1996,519o,0.051061297,0.044117647,1.126984127,0.090975417,6
1996,520n,1.504963831,0.044117647,1.126984127,0.090516749,6
1996,520o,0.051061297,0.044117647,1.126984127,0.090516749,6
1996,521n,2.138756427,0.04,1.238095238,0.089964293,6
1996,521o,0.051061297,0.04,1.238095238,0.089964293,6
1996,522n,2.170166832,0.039473684,1.253968254,0.089433483,6
1996,522o,0.051061297,0.039473684,1.253968254,0.089433483,6
1996,523n,2.304618429,0.038461538,1.285714286,0.088953329,6
1996,523o,0.051061297,0.038461538,1.285714286,0.088953329,6
1996,524n,2.110173503,0.05,1,0.088517586,6
1996,524o,0.051061297,0.05,1,0.088517586,6
1996,525n,2.177913847,0.032258065,1.015873016,0.087903043,6
1996,525o,0.051061297,0.032258065,1.015873016,0.087903043,6
1996,526n,2.599792445,0.039473684,1.253968254,0.087217844,6
1996,526o,0.051061297,0.039473684,1.253968254,0.087217844,6
1996,527n,2.701566082,0.051282051,1.301587302,0.086333867,6
1996,527o,0.051061297,0.051282051,1.301587302,0.086333867,6
1996,528n,3.695222355,0.05,1.666666667,0.085376493,6
1996,528o,0.051061297,0.05,1.666666667,0.085376493,6
1996,529n,3.886453465,0.047619048,1.746031746,0.084370252,6
1996,529o,0.051061297,0.047619048,1.746031746,0.084370252,6
1996,530n,4.081673559,0.045454545,1.825396825,0.08336795,6
1996,530o,0.051061297,0.045454545,1.825396825,0.08336795,6
1996,531n,4.381634582,0.044247788,1.873015873,0.08231166,6
1996,531o,0.051061297,0.044247788,1.873015873,0.08231166,6
1996,532n,4.350337152,0.044642857,1.857142857,0.081227685,6
1996,532o,0.051061297,0.044642857,1.857142857,0.081227685,6
1996,533n,4.902958568,0.045454545,1.825396825,0.080218491,6
1996,533o,0.051061297,0.045454545,1.825396825,0.080218491,6
1996,534n,5.117184714,0.045045045,1.841269841,0.079252349,6
1996,534o,0.051061297,0.045045045,1.841269841,0.079252349,6
1996,535n,5.753991867,0.052631579,1.904761905,0.078445252,6
1996,535o,0.051061297,0.052631579,1.904761905,0.078445252,6
1996,536n,6.876601178,0.085271318,2.222222222,0.077603837,6
1996,536o,0,0.085271318,2.222222222,0.077603837,6
1996,537n,6.539239837,0.090909091,2.095238095,0.076713456,6
1996,537o,0,0.090909091,2.095238095,0.076713456,6
1996,538n,8.16965592,0.126760563,2.53968254,0.075792797,6
1996,538o,0,0.126760563,2.53968254,0.075792797,6
1996,539n,8.178874433,0.126760563,2.53968254,0.074760034,6
1996,539o,0,0.126760563,2.53968254,0.074760034,6
1996,540n,8.280067333,0.125,2.571428571,0.073649652,6
1996,540o,0,0.125,2.571428571,0.073649652,6
1996,541n,8.292867916,0.125874126,2.555555556,0.072445336,6
1996,541o,0,0.125874126,2.555555556,0.072445336,6
1996,542n,7.486075075,0.15,2.19047619,0.071217515,6
1996,542o,0,0.15,2.19047619,0.071217515,6
1996,543n,7.594493359,0.148760331,2.206349206,0.06991021,6
1996,543o,0,0.148760331,2.206349206,0.06991021,6
1996,544n,7.408700736,0.146551724,2.111111111,0.068536747,6
1996,544o,0,0.146551724,2.111111111,0.068536747,6
1996,545n,7.781627545,0.152542373,2.158730159,0.067098796,6
1996,545o,0,0.152542373,2.158730159,0.067098796,6
1996,546n,7.997185353,0.162393162,2.158730159,0.065757667,6
1996,546o,0,0.162393162,2.158730159,0.065757667,6
1996,547n,8.64943286,0.201754386,2.174603175,0.064436902,6
1996,547o,0,0.201754386,2.174603175,0.064436902,6
1996,548n,8.547659223,0.196428571,2.126984127,0.063246659,6
1996,548o,0,0.196428571,2.126984127,0.063246659,6
1996,549n,7.826852122,0.244680851,1.857142857,0.062111628,6
1996,549o,0,0.244680851,1.857142857,0.062111628,6
1996,550n,8.384750106,0.295918367,2.015873016,0.061036194,6
1996,550o,0,0.295918367,2.015873016,0.061036194,6
1996,551n,9.10887427,0.288288288,2.26984127,0.059960801,6
1996,551o,0,0.288288288,2.26984127,0.059960801,6
1996,552n,8.877780147,0.308411215,2.222222222,0.058941151,6
1996,552o,0,0.308411215,2.222222222,0.058941151,6
1996,553n,8.877780147,0.308411215,2.222222222,0.057939232,6
1996,553o,0,0.308411215,2.222222222,0.057939232,6
1996,554n,8.352917663,0.320754717,2.222222222,0.056870967,6
1996,554o,0,0.320754717,2.222222222,0.056870967,6
1996,555n,9.113295344,0.327868852,2.571428571,0.05578535,6
1996,555o,0,0.327868852,2.571428571,0.05578535,6
1996,556n,8.677416806,0.336065574,2.587301587,0.05465734,6
1996,556o,0,0.336065574,2.587301587,0.05465734,6
1996,557n,7.768045003,0.345454545,2.349206349,0.053581324,6
1996,557o,0,0.345454545,2.349206349,0.053581324,6
1996,558n,9.647137267,0.357142857,3.015873016,0.052551774,6
1996,558o,0,0.357142857,3.015873016,0.052551774,6
1996,559n,8.345385788,0.36,2.698412698,0.051494827,6
1996,559o,0,0.36,2.698412698,0.051494827,6
1996,560n,8.891050587,0.35971223,3,0.050490383,6
1996,560o,0,0.35971223,3,0.050490383,6
1996,561n,8.865882228,0.35971223,3,0.04954745,6
1996,561o,0,0.35971223,3,0.04954745,6
1996,562n,9.396731539,0.370860927,3.285714286,0.048694577,6
1996,562o,0,0.370860927,3.285714286,0.048694577,6
1996,563n,10.52780135,0.36627907,3.73015873,0.047849838,6
1996,563o,0,0.36627907,3.73015873,0.047849838,6
1996,564n,10.76959076,0.370786517,3.873015873,0.047080131,6
1996,564o,0,0.370786517,3.873015873,0.047080131,6
1996,565n,12.44828919,0.344660194,4.396825397,0.046355427,6
1996,565o,0,0.344660194,4.396825397,0.046355427,6
1996,566n,12.28370285,0.346153846,4.444444444,0.045794162,6
1996,566o,0,0.346153846,4.444444444,0.045794162,6
1996,567n,12.25005363,0.336448598,4.53968254,0.045249469,6
1996,567o,0.06008588,0.336448598,4.53968254,0.045249469,6
1996,568n,11.31605846,0.331707317,4.333333333,0.044796483,6
1996,568o,0.06008588,0.331707317,4.333333333,0.044796483,6
1996,569n,11.49278344,0.325358852,4.396825397,0.044402832,6
1996,569o,0.06008588,0.325358852,4.396825397,0.044402832,6
1996,570n,12.63604979,0.31981982,4.650793651,0.044072876,6
1996,570o,0.06008588,0.31981982,4.650793651,0.044072876,6
1996,571n,12.7208943,0.305309735,4.682539683,0.043812285,6
1996,571o,0.06008588,0.305309735,4.682539683,0.043812285,6
1996,572n,12.06076352,0.309859155,4.428571429,0.0436291,6
1996,572o,0.111604001,0.309859155,4.428571429,0.0436291,6
1996,573n,12.58034219,0.3,4.53968254,0.043475796,6
1996,573o,0.111604001,0.3,4.53968254,0.043475796,6
1996,574n,14.90654731,0.317073171,5.142857143,0.043344365,6
1996,574o,0.154222556,0.317073171,5.142857143,0.043344365,6
1996,575n,15.87742703,0.306818182,5.476190476,0.043278891,6
1996,575o,0.154222556,0.306818182,5.476190476,0.043278891,6
1996,576n,14.96037009,0.301204819,5.142857143,0.04325587,6
1996,576o,0.154222556,0.301204819,5.142857143,0.04325587,6
1996,577n,14.86145225,0.292,5.126984127,0.043218134,6
1996,577o,0.154222556,0.292,5.126984127,0.043218134,6
1996,578n,14.64821474,0.288617886,5.031746032,0.043253201,7
1996,578o,0.154222556,0.288617886,5.031746032,0.043253201,7
1996,579n,12.76912248,0.273148148,4.365079365,0.043390499,7
1996,579o,0.154222556,0.273148148,4.365079365,0.043390499,7
1996,580n,12.28859234,0.270531401,4.174603175,0.043690253,7
1996,580o,0.154222556,0.270531401,4.174603175,0.043690253,7
1996,581n,11.82071764,0.262886598,3.888888889,0.044185487,7
1996,581o,0.154222556,0.262886598,3.888888889,0.044185487,7
1996,582n,13.11274541,0.267605634,4.285714286,0.044859879,7
1996,582o,0.154222556,0.267605634,4.285714286,0.044859879,7
1996,583n,12.50361981,0.255,3.984126984,0.045723634,7
1996,583o,0.154222556,0.255,3.984126984,0.045723634,7
1996,584n,11.72545178,0.244680851,3.714285714,0.046778553,7
1996,584o,0.154222556,0.244680851,3.714285714,0.046778553,7
1996,585n,11.66195553,0.231578947,3.714285714,0.047902683,7
1996,585o,0.154222556,0.231578947,3.714285714,0.047902683,7
1996,586n,11.30700469,0.229591837,3.825396825,0.049090653,7
1996,586o,0.154222556,0.229591837,3.825396825,0.049090653,7
1996,587n,11.22201948,0.220512821,3.777777778,0.050236667,7
1996,587o,0.154222556,0.220512821,3.777777778,0.050236667,7
1996,588n,10.99479337,0.228723404,3.666666667,0.051360918,7
1996,588o,0.094136676,0.228723404,3.666666667,0.051360918,7
1996,589n,11.01237571,0.22513089,3.714285714,0.052452016,7
1996,589o,0.094136676,0.22513089,3.714285714,0.052452016,7
1996,590n,11.21201498,0.239795918,3.857142857,0.053532353,7
1996,590o,0.094136676,0.239795918,3.857142857,0.053532353,7
1996,591n,10.62688058,0.234146341,4.015873016,0.054587055,7
1996,591o,0.094136676,0.234146341,4.015873016,0.054587055,7
1996,592n,10.25050458,0.23902439,4.031746032,0.055599085,7
1996,592o,0.094136676,0.23902439,4.031746032,0.055599085,7
1996,593n,10.19900581,0.246376812,4.095238095,0.056559842,7
1996,593o,0.042618555,0.246376812,4.095238095,0.056559842,7
1996,594n,10.23258153,0.28440367,4.444444444,0.057490724,7
1996,594o,0.042618555,0.28440367,4.444444444,0.057490724,7
1996,595n,7.906376411,0.260416667,3.841269841,0.058458503,7
1996,595o,0,0.260416667,3.841269841,0.058458503,7
1996,596n,6.932373073,0.265536723,3.555555556,0.059420592,7
1996,596o,0,0.265536723,3.555555556,0.059420592,7
1996,597n,7.076988591,0.262295082,3.666666667,0.060347151,7
1996,597o,0.036528632,0.262295082,3.666666667,0.060347151,7
1996,598n,7.236626315,0.257894737,3.793650794,0.061270615,7
1996,598o,0.036528632,0.257894737,3.793650794,0.061270615,7
1996,599n,7.293703838,0.255208333,3.825396825,0.062113114,7
1996,599o,0.036528632,0.255208333,3.825396825,0.062113114,7
1996,600n,7.499290978,0.258883249,3.936507937,0.062857794,7
1996,600o,0.036528632,0.258883249,3.936507937,0.062857794,7
1996,601n,7.830302066,0.268292683,4.126984127,0.063502613,7
1996,601o,0.036528632,0.268292683,4.126984127,0.063502613,7
1996,602n,7.916502303,0.271428571,4.238095238,0.063979557,7
1996,602o,0.036528632,0.271428571,4.238095238,0.063979557,7
1996,603n,7.321668945,0.21888412,4.507936508,0.06430155,7
1996,603o,0.708063052,0.21888412,4.507936508,0.06430155,7
1996,604n,7.645752901,0.205645161,4.746031746,0.064477145,7
1996,604o,0.814257129,0.205645161,4.746031746,0.064477145,7
1996,605n,7.279171477,0.203319502,4.603174603,0.06446403,7
1996,605o,0.861984822,0.203319502,4.603174603,0.06446403,7
1996,606n,7.087569249,0.186311787,4.952380952,0.064323491,7
1996,606o,2.423457569,0.186311787,4.952380952,0.064323491,7
1996,607n,6.124053094,0.178137652,4.619047619,0.064045078,7
1996,607o,3.08640272,0.178137652,4.619047619,0.064045078,7
1996,608n,6.207259498,0.171102662,4.888888889,0.063714372,7
1996,608o,3.520196213,0.171102662,4.888888889,0.063714372,7
1996,609n,6.679305749,0.163701068,5.19047619,0.063300137,7
1996,609o,3.659664674,0.163701068,5.19047619,0.063300137,7
1996,610n,7.042331829,0.156462585,5.396825397,0.062779277,7
1996,610o,3.827328195,0.156462585,5.396825397,0.062779277,7
1996,611n,6.813482695,0.142857143,5.333333333,0.062146766,7
1996,611o,4.016099029,0.142857143,5.333333333,0.062146766,7
1996,612n,5.982501571,0.134328358,4.825396825,0.061421045,7
1996,612o,4.016099029,0.134328358,4.825396825,0.061421045,7
1996,613n,6.311919522,0.139194139,4.936507937,0.060651314,7
1996,613o,4.057394392,0.139194139,4.936507937,0.060651314,7
1996,614n,6.437823087,0.136690647,5.015873016,0.059876336,7
1996,614o,4.11938153,0.136690647,5.015873016,0.059876336,7
1996,615n,5.961261069,0.102661597,4.603174603,0.059073287,7
1996,615o,4.11938153,0.102661597,4.603174603,0.059073287,7
1996,616n,5.961261069,0.101886792,4.634920635,0.058100158,7
1996,616o,4.175960578,0.101886792,4.634920635,0.058100158,7
1996,617n,5.9392595,0.102661597,4.603174603,0.0570459,7
1996,617o,4.175960578,0.102661597,4.603174603,0.0570459,7
1996,618n,5.799679195,0.1003861,4.523809524,0.055981282,7
1996,618o,4.179224463,0.1003861,4.523809524,0.055981282,7
1996,619n,5.529671662,0.095785441,4.53968254,0.054868905,7
1996,619o,4.428511484,0.095785441,4.53968254,0.054868905,7
1996,620n,5.566544653,0.092250923,4.698412698,0.053721158,7
1996,620o,4.609210517,0.092250923,4.698412698,0.053721158,7
1996,621n,5.360957513,0.085185185,4.650793651,0.052516662,7
1996,621o,4.67215025,0.085185185,4.650793651,0.052516662,7
1996,622n,5.029946424,0.072519084,4.46031746,0.051207947,7
1996,622o,4.67215025,0.072519084,4.46031746,0.051207947,7
1996,623n,4.921949303,0.073643411,4.396825397,0.049853558,7
1996,623o,4.67215025,0.073643411,4.396825397,0.049853558,7
1996,624n,4.223715577,0.093023256,3.73015873,0.048431841,7
1996,624o,4.000615831,0.093023256,3.73015873,0.048431841,7
1996,625n,5.455632475,0.150579151,4.73015873,0.046898401,7
1996,625o,3.894421753,0.150579151,4.73015873,0.046898401,7
1996,626n,5.783527336,0.168539326,4.952380952,0.045307531,7
1996,626o,3.84669406,0.168539326,4.952380952,0.045307531,7
1996,627n,5.676487422,0.186440678,4.444444444,0.043642598,7
1996,627o,2.285221314,0.186440678,4.444444444,0.043642598,7
1996,628n,5.427389889,0.199095023,4.206349206,0.041954428,7
1996,628o,1.622276162,0.199095023,4.206349206,0.041954428,7
1996,629n,5.352556112,0.219512195,3.968253968,0.04021889,7
1996,629o,1.188482669,0.219512195,3.968253968,0.04021889,7
1996,630n,4.857702456,0.229946524,3.650793651,0.038490508,7
1996,630o,1.049014208,0.229946524,3.650793651,0.038490508,7
1996,631n,4.781628005,0.238888889,3.53968254,0.03679424,7
1996,631o,0.881350687,0.238888889,3.53968254,0.03679424,7
1996,632n,4.63411289,0.251461988,3.396825397,0.035111091,7
1996,632o,0.692579854,0.251461988,3.396825397,0.035111091,7
1996,633n,4.670913354,0.25,3.412698413,0.033434517,7
1996,633o,0.692579854,0.25,3.412698413,0.033434517,7
1996,634n,4.894351123,0.241573034,3.507936508,0.031679392,7
1996,634o,0.651284491,0.241573034,3.507936508,0.031679392,7
1996,635n,5.305029946,0.248648649,3.666666667,0.029865383,7
1996,635o,0.589297353,0.248648649,3.666666667,0.029865383,7
1996,636n,5.254213098,0.25,3.650793651,0.027959699,7
1996,636o,0.61379137,0.25,3.650793651,0.027959699,7
1996,637n,5.297652753,0.243386243,3.73015873,0.026021241,7
1996,637o,0.711583553,0.243386243,3.73015873,0.026021241,7
1996,638n,5.176216084,0.236842105,3.73015873,0.023928876,7
1996,638o,0.805798979,0.236842105,3.73015873,0.023928876,7
1996,639n,5.234793683,0.243386243,3.73015873,0.021711044,7
1996,639o,0.766006461,0.243386243,3.73015873,0.021711044,7
1996,640n,5.309386219,0.268156425,3.603174603,0.019459734,7
1996,640o,0.546094738,0.268156425,3.603174603,0.019459734,7
1996,641n,5.312814978,0.288235294,3.476190476,0.017203421,8
1996,641o,0.365395704,0.288235294,3.476190476,0.017203421,8
1996,642n,5.312814978,0.295180723,3.412698413,0.014982177,8
1996,642o,0.302455971,0.295180723,3.412698413,0.014982177,8
1996,643n,5.746932006,0.307692308,3.777777778,0.012815362,8
1996,643o,0.302455971,0.307692308,3.777777778,0.012815362,8
1996,644n,5.671848477,0.3,3.714285714,0.010659481,8
1996,644o,0.302455971,0.3,3.714285714,0.010659481,8
1996,645n,5.596863243,0.296089385,3.682539683,0.008520774,8
1996,645o,0.302455971,0.296089385,3.682539683,0.008520774,8
1996,646n,4.348163489,0.272727273,2.666666667,0.006432381,8
1996,646o,0.3301292,0.272727273,2.666666667,0.006432381,8
1996,647n,4.528806477,0.228571429,2.73015873,0.004470583,8
1996,647o,0.3301292,0.228571429,2.73015873,0.004470583,8
1996,648n,4.876933782,0.231292517,2.873015873,0.002691445,8
1996,648o,0.3301292,0.231292517,2.873015873,0.002691445,8
1996,649n,4.995921977,0.234899329,2.920634921,0.001069554,8
1996,649o,0.3301292,0.234899329,2.920634921,0.001069554,8
1996,650n,4.918838167,0.232876712,2.857142857,-0.000356923,8
1996,650o,0.3301292,0.232876712,2.857142857,-0.000356923,8
1996,651n,4.943968426,0.239726027,2.873015873,-0.001507164,8
1996,651o,0.3301292,0.239726027,2.873015873,-0.001507164,8
1996,652n,5.87999658,0.245398773,3.222222222,-0.002393243,8
1996,652o,0.3301292,0.245398773,3.222222222,-0.002393243,8
1996,653n,6.605334314,0.252808989,3.53968254,-0.00301155,8
1996,653o,0.3301292,0.252808989,3.53968254,-0.00301155,8
1996,654n,6.724356214,0.254143646,3.603174603,-0.003384023,8
1996,654o,0.3301292,0.254143646,3.603174603,-0.003384023,8
1996,655n,5.75797824,0.253164557,3.142857143,-0.003488531,8
1996,655o,0.3301292,0.253164557,3.142857143,-0.003488531,8
1996,656n,5.821448605,0.257668712,3.253968254,-0.003379505,8
1996,656o,0.3301292,0.257668712,3.253968254,-0.003379505,8
1996,657n,5.808283814,0.259259259,3.238095238,-0.002934335,8
1996,657o,0.305635183,0.259259259,3.238095238,-0.002934335,8
1996,658n,6.053724562,0.256097561,3.26984127,-0.002195328,8
1996,658o,0.151263952,0.256097561,3.26984127,-0.002195328,8
1996,659n,6.257499849,0.25,3.333333333,-0.001143519,8
1996,659o,0.057048526,0.25,3.333333333,-0.001143519,8
1996,660n,6.276611441,0.239766082,3.365079365,0.00015635,8
1996,660o,0.057048526,0.239766082,3.365079365,0.00015635,8
1996,661n,6.402212609,0.219101124,3.444444444,0.001623947,8
1996,661o,0.027673229,0.219101124,3.444444444,0.001623947,8
1996,662n,6.974484761,0.205,3.825396825,0.003241518,8
1996,662o,0.027673229,0.205,3.825396825,0.003241518,8
1996,663n,7.055820888,0.201970443,3.873015873,0.004981285,8
1996,663o,0.027673229,0.201970443,3.873015873,0.004981285,8
1996,664n,7.032637098,0.18226601,3.80952381,0.006844766,8
1996,664o,0.027673229,0.18226601,3.80952381,0.006844766,8
1996,665n,7.545153653,0.195555556,4.26984127,0.008850154,8
1996,665o,0.027673229,0.195555556,4.26984127,0.008850154,8
1996,666n,7.76739172,0.187234043,4.428571429,0.011088302,8
1996,666o,0.027673229,0.187234043,4.428571429,0.011088302,8
1996,667n,7.735332604,0.176470588,4.444444444,0.01359741,8
1996,667o,0,0.176470588,4.444444444,0.01359741,8
1996,668n,7.765912832,0.161290323,4.571428571,0.016268078,8
1996,668o,0,0.161290323,4.571428571,0.016268078,8
1996,669n,7.830243021,0.144486692,4.777777778,0.019031121,8
1996,669o,0,0.144486692,4.777777778,0.019031121,8
1996,670n,7.901053534,0.129963899,4.968253968,0.021944946,8
1996,670o,0,0.129963899,4.968253968,0.021944946,8
1996,671n,7.879562962,0.129496403,4.984126984,0.024964204,8
1996,671o,0,0.129496403,4.984126984,0.024964204,8
1996,672n,7.846073863,0.125899281,4.968253968,0.027894727,8
1996,672o,0,0.125899281,4.968253968,0.027894727,8
1996,673n,6.465380806,0.116,4.428571429,0.030743215,8
1996,673o,0,0.116,4.428571429,0.030743215,8
1996,674n,5.838794567,0.104166667,4.206349206,0.033490414,8
1996,674o,0,0.104166667,4.206349206,0.033490414,8
1996,675n,5.736271259,0.10041841,4.174603175,0.03616167,8
1996,675o,0,0.10041841,4.174603175,0.03616167,8
1996,676n,5.815985042,0.094262295,4.238095238,0.038709445,8
1996,676o,0,0.094262295,4.238095238,0.038709445,8
1996,677n,5.872961708,0.087649402,4.333333333,0.041130492,8
1996,677o,0,0.087649402,4.333333333,0.041130492,8
1996,678n,5.713901873,0.084677419,4.26984127,0.04334683,8
1996,678o,0,0.084677419,4.26984127,0.04334683,8
1996,679n,6.25211377,0.08,4.714285714,0.045395456,8
1996,679o,0,0.08,4.714285714,0.045395456,8
1996,680n,6.053743329,0.082089552,4.603174603,0.047262762,8
1996,680o,0,0.082089552,4.603174603,0.047262762,8
1996,681n,7.459469666,0.072289157,5.650793651,0.048933878,8
1996,681o,0,0.072289157,5.650793651,0.048933878,8
1996,682n,7.257911764,0.074074074,5.523809524,0.050453403,8
1996,682o,0,0.074074074,5.523809524,0.050453403,8
1996,683n,6.781847811,0.072368421,5.174603175,0.051843888,8
1996,683o,0,0.072368421,5.174603175,0.051843888,8
1996,684n,6.864352491,0.074675325,5.253968254,0.053173811,8
1996,684o,0,0.074675325,5.253968254,0.053173811,8
1996,685n,6.685666041,0.065789474,5.142857143,0.054491312,8
1996,685o,0,0.065789474,5.142857143,0.054491312,8
1996,686n,6.541614868,0.056105611,5.079365079,0.055778432,8
1996,686o,0,0.056105611,5.079365079,0.055778432,8
1996,687n,6.370977385,0.060606061,5,0.056928149,8
1996,687o,0,0.060606061,5,0.056928149,8
1996,688n,6.238586632,0.060606061,5,0.057823079,8
1996,688o,0,0.060606061,5,0.057823079,8
1996,689n,5.673561033,0.066666667,4.571428571,0.05848444,8
1996,689o,0,0.066666667,4.571428571,0.05848444,8
1996,690n,5.409755289,0.076335878,4.476190476,0.058939531,8
1996,690o,0,0.076335878,4.476190476,0.058939531,8
1996,691n,5.135234295,0.081300813,4.222222222,0.059144922,8
1996,691o,0,0.081300813,4.222222222,0.059144922,8
1996,692n,5.088350101,0.077235772,4.206349206,0.059047784,8
1996,692o,0,0.077235772,4.206349206,0.059047784,8
1996,693n,5.114105973,0.084677419,4.26984127,0.058864783,8
1996,693o,0,0.084677419,4.26984127,0.058864783,8
1996,694n,5.164132027,0.083665339,4.317460317,0.058610748,8
1996,694o,0,0.083665339,4.317460317,0.058610748,8
1996,695n,5.135648448,0.079681275,4.301587302,0.058277282,8
1996,695o,0,0.079681275,4.301587302,0.058277282,8
1996,696n,5.44052099,0.073800738,4.619047619,0.057851787,8
1996,696o,0,0.073800738,4.619047619,0.057851787,8
1996,697n,5.551121658,0.072992701,4.666666667,0.057339188,8
1996,697o,0.018962228,0.072992701,4.666666667,0.057339188,8
1996,698n,4.877549655,0.0562249,4.174603175,0.056750271,8
1996,698o,0.018962228,0.0562249,4.174603175,0.056750271,8
1996,699n,4.91612321,0.056,4.19047619,0.0560563,8
1996,699o,0.018962228,0.056,4.19047619,0.0560563,8
1996,700n,4.672124252,0.079166667,4.111111111,0.055254459,8
1996,700o,0.018962228,0.079166667,4.111111111,0.055254459,8
1996,701n,4.667670056,0.079166667,4.111111111,0.054352968,8
1996,701o,0.018962228,0.079166667,4.111111111,0.054352968,8
1996,702n,3.250864615,0.096045198,3.079365079,0.053413721,8
1996,702o,0.018962228,0.096045198,3.079365079,0.053413721,8
1996,703n,3.281107722,0.095505618,3.095238095,0.052466078,8
1996,703o,0.018962228,0.095505618,3.095238095,0.052466078,8
1996,704n,3.263738836,0.106145251,3.142857143,0.051459119,8
1996,704o,0.018962228,0.106145251,3.142857143,0.051459119,8
1996,705n,3.399814349,0.132596685,3.253968254,0.050322509,8
1996,705o,0.018962228,0.132596685,3.253968254,0.050322509,8
1996,706n,3.280266857,0.145348837,3.126984127,0.049007844,8
1996,706o,0.018962228,0.145348837,3.126984127,0.049007844,8
1996,707n,3.351152697,0.149700599,3.047619048,0.047527044,8
1996,707o,0.018962228,0.149700599,3.047619048,0.047527044,8
1996,708n,3.705870593,0.155555556,3.301587302,0.045910826,8
1996,708o,0.018962228,0.155555556,3.301587302,0.045910826,8
1996,709n,3.959191791,0.173913043,3.428571429,0.044277831,8
1996,709o,0.018962228,0.173913043,3.428571429,0.044277831,8
1996,710n,4.017941396,0.176470588,3.492063492,0.042658593,8
1996,710o,0.018962228,0.176470588,3.492063492,0.042658593,8
1996,711n,4.091902209,0.189189189,3.492063492,0.041002657,8
1996,711o,0.018962228,0.189189189,3.492063492,0.041002657,8
1996,712n,4.151976576,0.185185185,3.555555556,0.039316543,8
1996,712o,0.018962228,0.185185185,3.555555556,0.039316543,8
1996,713n,4.427905705,0.213592233,3.968253968,0.037768293,8
1996,713o,0.018962228,0.213592233,3.968253968,0.037768293,8
1996,714n,4.621212887,0.203703704,4.126984127,0.036282849,8
1996,714o,0.018962228,0.203703704,4.126984127,0.036282849,8
1996,715n,4.875801964,0.202586207,4.428571429,0.034883463,8
1996,715o,0.018962228,0.202586207,4.428571429,0.034883463,8
1996,716n,4.834831345,0.204347826,4.396825397,0.033610637,8
1996,716o,0.018962228,0.204347826,4.396825397,0.033610637,8
1996,717n,4.514852197,0.223809524,4.079365079,0.032482084,8
1996,717o,0.018962228,0.223809524,4.079365079,0.032482084,8
1996,718n,4.326022248,0.236453202,3.984126984,0.031613668,8
1996,718o,0,0.236453202,3.984126984,0.031613668,8
1996,719n,4.166276451,0.24,3.936507937,0.031022606,8
1996,719o,0,0.24,3.936507937,0.031022606,8
1996,720n,4.232883335,0.242574257,3.984126984,0.030749842,8
1996,720o,0,0.242574257,3.984126984,0.030749842,8
1996,721n,3.696697457,0.241573034,3.507936508,0.030761569,8
1996,721o,0,0.241573034,3.507936508,0.030761569,8
1996,722n,3.807467004,0.255434783,3.666666667,0.03103916,8
1996,722o,0,0.255434783,3.666666667,0.03103916,8
1996,723n,4.153392215,0.253588517,4.158730159,0.031527061,8
1996,723o,0,0.253588517,4.158730159,0.031527061,8
1996,724n,4.321158556,0.243362832,4.46031746,0.032146447,8
1996,724o,0,0.243362832,4.46031746,0.032146447,8
1996,725n,4.273386501,0.233480176,4.444444444,0.032909279,8
1996,725o,0,0.233480176,4.444444444,0.032909279,8
1996,726n,4.048390349,0.210762332,4.285714286,0.033837929,8
1996,726o,0,0.210762332,4.285714286,0.033837929,8
1996,727n,4.522753853,0.225296443,4.920634921,0.034950041,8
1996,727o,0,0.225296443,4.920634921,0.034950041,8
1996,728n,4.643497576,0.231060606,5.158730159,0.036261261,8
1996,728o,0,0.231060606,5.158730159,0.036261261,8
1996,729n,4.526810022,0.232824427,5.126984127,0.037769436,8
1996,729o,0,0.232824427,5.126984127,0.037769436,8
1996,730n,4.255420808,0.24,4.920634921,0.039444335,8
1996,730o,0,0.24,4.920634921,0.039444335,8
1996,731n,4.365833592,0.243027888,4.952380952,0.04124193,8
1996,731o,0,0.243027888,4.952380952,0.04124193,8
1996,732n,4.362589418,0.233870968,4.857142857,0.043201115,8
1996,732o,0,0.233870968,4.857142857,0.043201115,8
1996,733n,4.676114858,0.233463035,5.031746032,0.045266988,9
1996,733o,0,0.233463035,5.031746032,0.045266988,9
1996,734n,4.584296109,0.209677419,4.761904762,0.047212496,9
1996,734o,0,0.209677419,4.761904762,0.047212496,9
1996,735n,4.882347431,0.203065134,4.984126984,0.049017511,9
1996,735o,0,0.203065134,4.984126984,0.049017511,9
1996,736n,4.78947725,0.216535433,4.904761905,0.050656022,9
1996,736o,0,0.216535433,4.904761905,0.050656022,9
1996,737n,4.983368403,0.21969697,5.111111111,0.052097555,9
1996,737o,0,0.21969697,5.111111111,0.052097555,9
1996,738n,5.092402415,0.219330855,5.206349206,0.053352619,9
1996,738o,0,0.219330855,5.206349206,0.053352619,9
1996,739n,5.367343861,0.203508772,5.444444444,0.054299185,9
1996,739o,0,0.203508772,5.444444444,0.054299185,9
1996,740n,5.662201745,0.198653199,5.650793651,0.05497755,9
1996,740o,0,0.198653199,5.650793651,0.05497755,9
1996,741n,5.810846886,0.191558442,5.825396825,0.055428132,9
1996,741o,0,0.191558442,5.825396825,0.055428132,9
1996,742n,6.042036616,0.186915888,6.047619048,0.055652411,9
1996,742o,0,0.186915888,6.047619048,0.055652411,9
1996,743n,6.231294782,0.176291793,6.142857143,0.055636092,9
1996,743o,0,0.176291793,6.142857143,0.055636092,9
1996,744n,5.911233989,0.174917492,5.650793651,0.055356886,9
1996,744o,0,0.174917492,5.650793651,0.055356886,9
1996,745n,5.864934327,0.177474403,5.476190476,0.054915708,9
1996,745o,0,0.177474403,5.476190476,0.054915708,9
1996,746n,5.888109212,0.175257732,5.428571429,0.054340009,9
1996,746o,0,0.175257732,5.428571429,0.054340009,9
1996,747n,6.14774262,0.176666667,5.603174603,0.053634387,9
1996,747o,0,0.176666667,5.603174603,0.053634387,9
1996,748n,5.723960914,0.161172161,5.031746032,0.05276672,9
1996,748o,0,0.161172161,5.031746032,0.05276672,9
1996,749n,5.262375584,0.148,4.555555556,0.051724746,9
1996,749o,0,0.148,4.555555556,0.051724746,9
1996,750n,5.128708735,0.136929461,4.349206349,0.050551328,9
1996,750o,0,0.136929461,4.349206349,0.050551328,9
1996,751n,5.12126733,0.129707113,4.285714286,0.049204316,9
1996,751o,0,0.129707113,4.285714286,0.049204316,9
1996,752n,5.015953405,0.122881356,4.206349206,0.047763016,9
1996,752o,0,0.122881356,4.206349206,0.047763016,9
1996,753n,4.951946589,0.130434783,4.126984127,0.046201343,9
1996,753o,0,0.130434783,4.126984127,0.046201343,9
1996,754n,4.624799152,0.134259259,3.888888889,0.044575333,9
1996,754o,0,0.134259259,3.888888889,0.044575333,9
1996,755n,4.477412996,0.133971292,3.761904762,0.042984694,9
1996,755o,0.014652249,0.133971292,3.761904762,0.042984694,9
1996,756n,4.026393351,0.140540541,3.349206349,0.041453852,9
1996,756o,0.014652249,0.140540541,3.349206349,0.041453852,9
1996,757n,3.964724165,0.117318436,3.174603175,0.04002441,9
1996,757o,0.014652249,0.117318436,3.174603175,0.04002441,9
1996,758n,3.933189099,0.116959064,3.031746032,0.038693108,9
1996,758o,0.014652249,0.116959064,3.031746032,0.038693108,9
1996,759n,3.860812529,0.114457831,2.936507937,0.037322206,9
1996,759o,0.014652249,0.114457831,2.936507937,0.037322206,9
1996,760n,3.62454072,0.125827815,2.698412698,0.035991892,9
1996,760o,0.014652249,0.125827815,2.698412698,0.035991892,9
1996,761n,3.420692724,0.134751773,2.53968254,0.03480131,9
1996,761o,0.014652249,0.134751773,2.53968254,0.03480131,9
1996,762n,3.522969453,0.125874126,2.555555556,0.033659948,9
1996,762o,0.014652249,0.125874126,2.555555556,0.033659948,9
1996,763n,3.263488258,0.131782946,2.317460317,0.032602506,9
1996,763o,0.014652249,0.131782946,2.317460317,0.032602506,9
1996,764n,3.055158884,0.125,2.142857143,0.031638178,9
1996,764o,0.014652249,0.125,2.142857143,0.031638178,9
1996,765n,2.988186953,0.137931034,2.095238095,0.030801849,9
1996,765o,0.014652249,0.137931034,2.095238095,0.030801849,9
1996,766n,2.824093182,0.141509434,1.920634921,0.030021326,9
1996,766o,0.014652249,0.141509434,1.920634921,0.030021326,9
1996,767n,2.908693147,0.163636364,2.031746032,0.029279563,9
1996,767o,0.014652249,0.163636364,2.031746032,0.029279563,9
1996,768n,2.645333706,0.16,1.841269841,0.028582094,9
1996,768o,0.014652249,0.16,1.841269841,0.028582094,9
1996,769n,2.607839384,0.14,1.80952381,0.027974425,9
1996,769o,0.014652249,0.14,1.80952381,0.027974425,9
1996,770n,2.627593994,0.137254902,1.841269841,0.027489622,9
1996,770o,0.014652249,0.137254902,1.841269841,0.027489622,9
1996,771n,2.658557706,0.133333333,1.888888889,0.027071148,9
1996,771o,0.014652249,0.133333333,1.888888889,0.027071148,9
1996,772n,2.595413754,0.125,1.857142857,0.026769495,9
1996,772o,0.014652249,0.125,1.857142857,0.026769495,9
1996,773n,2.525805775,0.12745098,1.825396825,0.026549586,9
1996,773o,0.014652249,0.12745098,1.825396825,0.026549586,9
1996,774n,2.604557025,0.100917431,1.904761905,0.026461981,9
1996,774o,0.014652249,0.100917431,1.904761905,0.026461981,9
1996,775n,2.555404291,0.100917431,1.904761905,0.026561433,9
1996,775o,0.063974074,0.100917431,1.904761905,0.026561433,9
1996,776n,2.623590498,0.099099099,1.936507937,0.026838601,9
1996,776o,0.049321825,0.099099099,1.936507937,0.026838601,9
1996,777n,2.562592977,0.090909091,1.904761905,0.027317688,9
1996,777o,0.049321825,0.090909091,1.904761905,0.027317688,9
1996,778n,2.573696573,0.099099099,1.936507937,0.027989726,9
1996,778o,0.049321825,0.099099099,1.936507937,0.027989726,9
1996,779n,2.514553555,0.088495575,1.952380952,0.028858242,9
1996,779o,0.049321825,0.088495575,1.952380952,0.028858242,9
1996,780n,2.70044345,0.0859375,2.206349206,0.030045056,9
1996,780o,0.049321825,0.0859375,2.206349206,0.030045056,9
1996,781n,2.73324809,0.090225564,2.301587302,0.031474263,9
1996,781o,0.049321825,0.090225564,2.301587302,0.031474263,9
1996,782n,2.921130351,0.080536913,2.555555556,0.033018758,9
1996,782o,0.067913811,0.080536913,2.555555556,0.033018758,9
1996,783n,2.878209196,0.1,2.619047619,0.034749089,9
1996,783o,0.067913811,0.1,2.619047619,0.034749089,9
1996,784n,2.907424156,0.105263158,2.666666667,0.03665951,9
1996,784o,0.067913811,0.105263158,2.666666667,0.03665951,9
1996,785n,2.816570159,0.115646259,2.603174603,0.038764191,9
1996,785o,0.067913811,0.115646259,2.603174603,0.038764191,9
1996,786n,2.740769027,0.102739726,2.555555556,0.041022686,9
1996,786o,0.067913811,0.102739726,2.555555556,0.041022686,9
1996,787n,2.694379674,0.104166667,2.523809524,0.043463297,9
1996,787o,0.067913811,0.104166667,2.523809524,0.043463297,9
1996,788n,2.458158295,0.088888889,2.333333333,0.046085093,9
1996,788o,0.067913811,0.088888889,2.333333333,0.046085093,9
1996,789n,2.408892212,0.090225564,2.301587302,0.04889591,9
1996,789o,0.067913811,0.090225564,2.301587302,0.04889591,9
1996,790n,2.521927954,0.103448276,2.53968254,0.051886067,9
1996,790o,0.067913811,0.103448276,2.53968254,0.051886067,9
1996,791n,3.246667741,0.059760956,4.222222222,0.055003406,9
1996,791o,0.067913811,0.059760956,4.222222222,0.055003406,9
1996,792n,4.384327238,0.05,5.333333333,0.058334401,9
1996,792o,0.067913811,0.05,5.333333333,0.058334401,9
1996,793n,4.486969839,0.051204819,5.53968254,0.061822251,9
1996,793o,0.067913811,0.051204819,5.53968254,0.061822251,9
1996,794n,4.494743211,0.051051051,5.555555556,0.065515844,9
1996,794o,0.067913811,0.051051051,5.555555556,0.065515844,9
1996,795n,4.62529882,0.059490085,5.936507937,0.069391979,9
1996,795o,0.067913811,0.059490085,5.936507937,0.069391979,9
1996,796n,4.619521134,0.056657224,5.920634921,0.073417902,9
1996,796o,0.018591986,0.056657224,5.920634921,0.073417902,9
1996,797n,4.717681014,0.063013699,6.158730159,0.077676745,9
1996,797o,0.018591986,0.063013699,6.158730159,0.077676745,9
1996,798n,4.724765112,0.062330623,6.222222222,0.082256785,9
1996,798o,0.018591986,0.062330623,6.222222222,0.082256785,9
1996,799n,4.580867554,0.06043956,6.126984127,0.087328409,9
1996,799o,0.018591986,0.06043956,6.126984127,0.087328409,9
1996,800n,4.484768403,0.058171745,6.063492063,0.09308385,9
1996,800o,0.018591986,0.058171745,6.063492063,0.09308385,9
1996,801n,4.246088571,0.057971014,5.793650794,0.099521256,9
1996,801o,0.018591986,0.057971014,5.793650794,0.099521256,9
1996,802n,4.159021547,0.055882353,5.698412698,0.106698555,9
1996,802o,0.018591986,0.055882353,5.698412698,0.106698555,9
1996,803n,4.042604912,0.053412463,5.634920635,0.114786855,9
1996,803o,0,0.053412463,5.634920635,0.114786855,9
1996,804n,3.828276472,0.049079755,5.428571429,0.123339973,9
1996,804o,0,0.049079755,5.428571429,0.123339973,9
1996,805n,3.794248534,0.046296296,5.380952381,0.132299898,9
1996,805o,0,0.046296296,5.380952381,0.132299898,9
1996,806n,3.755620059,0.043478261,5.333333333,0.141579508,9
1996,806o,0,0.043478261,5.333333333,0.141579508,9
1996,807n,3.756575992,0.043478261,5.333333333,0.15125336,10
1996,807o,0,0.043478261,5.333333333,0.15125336,10
1996,808n,3.784781468,0.043209877,5.365079365,0.161288069,10
1996,808o,0,0.043209877,5.365079365,0.161288069,10
1996,809n,3.813630843,0.042944785,5.396825397,0.171485931,10
1996,809o,0,0.042944785,5.396825397,0.171485931,10
1996,810n,3.891388666,0.042296073,5.476190476,0.181777738,10
1996,810o,0,0.042296073,5.476190476,0.181777738,10
1996,811n,3.65256615,0.03514377,5.142857143,0.192090308,10
1996,811o,0,0.03514377,5.142857143,0.192090308,10
1996,812n,2.786133505,0.05,3.333333333,0.202445593,10
1996,812o,0,0.05,3.333333333,0.202445593,10
1996,813n,1.500167236,0.072,2.126984127,0.212787865,10
1996,813o,0,0.072,2.126984127,0.212787865,10
1996,814n,1.358293261,0.072072072,1.888888889,0.223102037,10
1996,814o,0,0.072072072,1.888888889,0.223102037,10
1996,815n,1.36411788,0.072072072,1.888888889,0.233327903,10
1996,815o,0,0.072072072,1.888888889,0.233327903,10
1996,816n,1.058458513,0.032,2.047619048,0.243417002,10
1996,816o,0,0.032,2.047619048,0.243417002,10
1996,817n,1.05561227,0.032258065,2.031746032,0.253243175,10
1996,817o,0,0.032258065,2.031746032,0.253243175,10
1996,818n,0.96133995,0.008547009,1.873015873,0.262704571,10
1996,818o,0,0.008547009,1.873015873,0.262704571,10
1996,819n,1.057324222,0.008333333,1.920634921,0.27174371,10
1996,819o,0,0.008333333,1.920634921,0.27174371,10
1996,820n,1.124012467,0.008130081,1.968253968,0.280254687,10
1996,820o,0,0.008130081,1.968253968,0.280254687,10
1996,821n,1.104656337,0.008333333,1.920634921,0.288159932,10
1996,821o,0,0.008333333,1.920634921,0.288159932,10
1996,822n,1.153255623,0.008130081,1.968253968,0.295446069,10
1996,822o,0,0.008130081,1.968253968,0.295446069,10
1996,823n,1.370216386,0.007462687,2.142857143,0.302184083,10
1996,823o,0,0.007462687,2.142857143,0.302184083,10
1996,824n,1.414265011,0.007692308,2.079365079,0.308071417,10
1996,824o,0,0.007692308,2.079365079,0.308071417,10
1996,825n,1.554550862,0,2.19047619,0.313154885,10
1996,825o,0,0,2.19047619,0.313154885,10
1996,826b,1.648264407,0,2.26984127,0.31744199,10
1996,826n,1.640873504,0,2.26984127,0.31744199,10
1996,826o,0,0,2.26984127,0.31744199,10
1996,827n,2.153268636,0,2.920634921,0.320955528,10
1996,827o,0,0,2.920634921,0.320955528,10
1996,828n,2.800768856,0,3.634920635,0.323688021,10
1996,828o,0,0,3.634920635,0.323688021,10
1996,829n,3.458318996,0,4.301587302,0.32567044,10
1996,829o,0,0,4.301587302,0.32567044,10
1996,830n,3.613302792,0,4.46031746,0.326980255,10
1996,830o,0,0,4.46031746,0.326980255,10
1996,831n,3.607256783,0,4.444444444,0.327636048,10
1996,831o,0,0,4.444444444,0.327636048,10
1996,832n,3.792085651,0,4.634920635,0.327684733,10
1996,832o,0,0,4.634920635,0.327684733,10
1996,833n,4.929235197,0,5.777777778,0.327092456,10
1996,833o,0,0,5.777777778,0.327092456,10
1996,834n,4.954268942,0,5.793650794,0.325861159,10
1996,834o,0,0,5.793650794,0.325861159,10
1996,835n,4.936231631,0,5.777777778,0.323927914,10
1996,835o,0,0,5.777777778,0.323927914,10
1996,836n,4.904043345,0,5.746031746,0.321285488,10
1996,836o,0,0,5.746031746,0.321285488,10
1996,837n,4.859538639,0.003144654,5.063492063,0.317961857,10
1996,837o,0,0.003144654,5.063492063,0.317961857,10
1996,838n,5.022133005,0.003076923,5.174603175,0.313908692,10
1996,838o,0,0.003076923,5.174603175,0.313908692,10
1996,839n,5.317675378,0.008928571,5.380952381,0.309100434,10
1996,839o,0,0.008928571,5.380952381,0.309100434,10
1996,840n,5.215858245,0.009090909,5.285714286,0.303497344,10
1996,840o,0,0.009090909,5.285714286,0.303497344,10
1996,841n,5.131888195,0.009230769,5.206349206,0.297071845,10
1996,841o,0,0.009230769,5.206349206,0.297071845,10
1996,842n,5.114833111,0.009259259,5.19047619,0.289791095,10
1996,842o,0,0.009259259,5.19047619,0.289791095,10
1996,843n,5.11449154,0.00931677,5.158730159,0.281565678,10
1996,843o,0,0.00931677,5.158730159,0.281565678,10
1996,844n,5.741398633,0.026548673,5.523809524,0.27229077,10
1996,844o,0,0.026548673,5.523809524,0.27229077,10
1996,845n,5.625784132,0.030487805,5.365079365,0.262555806,11
1996,845o,0,0.030487805,5.365079365,0.262555806,11
1996,846n,5.424856215,0.031746032,5.158730159,0.252424411,11
1996,846o,0,0.031746032,5.158730159,0.252424411,11
1996,847n,5.530049037,0.040880503,5.253968254,0.241998754,11
1996,847o,0.066445556,0.040880503,5.253968254,0.241998754,11
1996,848n,5.017653906,0.050179211,4.650793651,0.231198269,11
1996,848o,0.115630336,0.050179211,4.650793651,0.231198269,11
1996,849n,4.356914211,0.063829787,3.968253968,0.220016003,11
1996,849o,0.162336865,0.063829787,3.968253968,0.220016003,11
1996,850n,3.772366981,0.086734694,3.380952381,0.20866592,11
1996,850o,0.262899476,0.086734694,3.380952381,0.20866592,11
1996,851n,4.19777788,0.106060606,3.476190476,0.197219347,11
1996,851o,0.262899476,0.106060606,3.476190476,0.197219347,11
1996,852n,4.611774286,0.111111111,3.650793651,0.185721315,11
1996,852o,0.262899476,0.111111111,3.650793651,0.185721315,11
1996,853n,5.076470207,0.119047619,3.73015873,0.174145271,11
1996,853o,0.262899476,0.119047619,3.73015873,0.174145271,11
1996,854n,4.777182482,0.183544304,2.968253968,0.162506554,11
1996,854o,0.262899476,0.183544304,2.968253968,0.162506554,11
1996,855n,4.791845275,0.193548387,2.936507937,0.150841449,11
1996,855o,0.262899476,0.193548387,2.936507937,0.150841449,11
1996,856n,4.758923508,0.196078431,2.904761905,0.139247175,11
1996,856o,0.262899476,0.196078431,2.904761905,0.139247175,11
1996,857n,5.588683863,0.206896552,3.333333333,0.127765383,11
1996,857o,0.262899476,0.206896552,3.333333333,0.127765383,11
1996,858n,6.404148572,0.206349206,3.619047619,0.116538312,11
1996,858o,0.262899476,0.206349206,3.619047619,0.116538312,11
1996,859n,6.262703686,0.214285714,3.507936508,0.105669995,11
1996,859o,0.262899476,0.214285714,3.507936508,0.105669995,11
1996,860n,5.944219119,0.233128834,3.19047619,0.095190261,11
1996,860o,0.262899476,0.233128834,3.19047619,0.095190261,11
1996,861n,6.057283702,0.236363636,3.238095238,0.085102993,11
1996,861o,0.262899476,0.236363636,3.238095238,0.085102993,11
1996,862n,6.345955269,0.24,3.444444444,0.075434735,11
1996,862o,0.262899476,0.24,3.444444444,0.075434735,11
1996,863n,6.345955269,0.24,3.444444444,0.066405506,11
1996,863o,0.262899476,0.24,3.444444444,0.066405506,11
1996,864n,6.474439286,0.234972678,3.587301587,0.057939723,11
1996,864o,0.262899476,0.234972678,3.587301587,0.057939723,11
1996,865n,5.710271048,0.248447205,3.19047619,0.050616574,11
1996,865o,0.262899476,0.248447205,3.19047619,0.050616574,11
1996,866n,5.597976652,0.245283019,3.142857143,0.044315307,11
1996,866o,0.262899476,0.245283019,3.142857143,0.044315307,11
1996,867n,5.559766004,0.246835443,3.126984127,0.038923098,11
1996,867o,0.262899476,0.246835443,3.126984127,0.038923098,11
1996,868n,5.376795487,0.238410596,2.968253968,0.034383163,11
1996,868o,0.19645392,0.238410596,2.968253968,0.034383163,11
1996,869n,5.400841037,0.231788079,2.952380952,0.030678637,11
1996,869o,0.14726914,0.231788079,2.952380952,0.030678637,11
1996,870n,5.423074374,0.225165563,2.936507937,0.027774082,11
1996,870o,0.100562611,0.225165563,2.936507937,0.027774082,11
1996,871n,5.467857434,0.211538462,3,0.025532135,11
1996,871o,0,0.211538462,3,0.025532135,11
1996,872n,4.922621191,0.209459459,2.841269841,0.023890059,11
1996,872o,0,0.209459459,2.841269841,0.023890059,11
1996,873n,4.425261972,0.21641791,2.587301587,0.022792516,11
1996,873o,0,0.21641791,2.587301587,0.022792516,11
1996,874n,3.775737182,0.226890756,2.317460317,0.022222643,11
1996,874o,0,0.226890756,2.317460317,0.022222643,11
1996,875n,2.937875362,0.232323232,1.936507937,0.022160645,11
1996,875o,0,0.232323232,1.936507937,0.022160645,11
1996,876n,2.881525981,0.22,1.936507937,0.022618707,11
1996,876o,0,0.22,1.936507937,0.022618707,11
1996,877n,2.881525981,0.22,1.936507937,0.023536826,11
1996,877o,0,0.22,1.936507937,0.023536826,11
1996,878n,2.091576227,0.209876543,1.555555556,0.024860322,11
1996,878o,0,0.209876543,1.555555556,0.024860322,11
1996,879n,1.269871912,0.194029851,1.26984127,0.026532229,11
1996,879o,0,0.194029851,1.26984127,0.026532229,11
1996,880n,1.248294677,0.194029851,1.26984127,0.028436093,11
1996,880o,0,0.194029851,1.26984127,0.028436093,11
1996,881n,1.143808809,0.184615385,1.222222222,0.030468341,11
1996,881o,0,0.184615385,1.222222222,0.030468341,11
1996,882n,1.000267525,0.180327869,1.142857143,0.032565892,11
1996,882o,0,0.180327869,1.142857143,0.032565892,11
1996,883n,0.742767792,0.153846154,0.952380952,0.034698856,11
1996,883o,0,0.153846154,0.952380952,0.034698856,11
1996,884n,0.742767792,0.153846154,0.952380952,0.036756186,11
1996,884o,0,0.153846154,0.952380952,0.036756186,11
1996,885n,0.554113003,0.166666667,0.777777778,0.038836386,11
1996,885o,0,0.166666667,0.777777778,0.038836386,11
1996,886n,0.483412439,0.108108108,0.650793651,0.040725206,11
1996,886o,0,0.108108108,0.650793651,0.040725206,11
1996,887n,0.491519289,0.105263158,0.666666667,0.042400606,11
1996,887o,0,0.105263158,0.666666667,0.042400606,11
1996,888n,0.491519289,0.105263158,0.666666667,0.043893991,11
1996,888o,0,0.105263158,0.666666667,0.043893991,11
1996,889n,0.469171322,0.111111111,0.634920635,0.04524617,11
1996,889o,0,0.111111111,0.634920635,0.04524617,11
1996,890n,0.467360137,0.108108108,0.650793651,0.046473745,11
1996,890o,0,0.108108108,0.650793651,0.046473745,11
1996,891n,0.460340307,0.108108108,0.650793651,0.04755628,11
1996,891o,0,0.108108108,0.650793651,0.04755628,11
1996,892n,0.498400266,0.183673469,0.920634921,0.048494769,11
1996,892o,0,0.183673469,0.920634921,0.048494769,11
1996,893n,0.79342314,0.090909091,1.523809524,0.049273782,11
1996,893o,0,0.090909091,1.523809524,0.049273782,11
1996,894n,0.995950957,0.098214286,1.952380952,0.049919223,11
1996,894o,0,0.098214286,1.952380952,0.049919223,11
1996,895n,2.135262415,0.041984733,4.333333333,0.050411863,11
1996,895o,0,0.041984733,4.333333333,0.050411863,11
1996,896n,2.158517242,0.041509434,4.380952381,0.050743323,11
1996,896o,0,0.041509434,4.380952381,0.050743323,11
1996,897n,2.287431224,0.039426523,4.603174603,0.050855135,11
1996,897o,0,0.039426523,4.603174603,0.050855135,11
1996,898n,2.344054819,0.045614035,4.73015873,0.050743456,11
1996,898o,0,0.045614035,4.73015873,0.050743456,11
1996,899n,2.331020596,0.041811847,4.746031746,0.050422853,11
1996,899o,0,0.041811847,4.746031746,0.050422853,11
1996,900n,2.341585875,0.04137931,4.793650794,0.049883068,11
1996,900o,0,0.04137931,4.793650794,0.049883068,11
1996,900w,0,0.04137931,4.793650794,0.049883068,11
1996,901n,2.35872346,0.044368601,4.857142857,0.049147003,11
1996,901o,0,0.044368601,4.857142857,0.049147003,11
1996,902n,2.413713743,0.046666667,4.984126984,0.048279412,11
1996,902o,0,0.046666667,4.984126984,0.048279412,11
1996,903n,2.42750499,0.049833887,5.015873016,0.047227161,11
1996,903o,0,0.049833887,5.015873016,0.047227161,11
1996,904n,2.396333155,0.05,5,0.045812634,11
1996,904o,0,0.05,5,0.045812634,11
1996,905n,2.401927711,0.049833887,5.015873016,0.04421798,11
1996,905o,0,0.049833887,5.015873016,0.04421798,11
1996,906n,2.391780814,0.05,5,0.042025341,11
1996,906o,0,0.05,5,0.042025341,11
1996,907n,2.375228468,0.05,5,0.039598725,11
1996,907o,0,0.05,5,0.039598725,11
1996,908n,2.363542583,0.050167224,4.984126984,0.037043581,11
1996,908o,0,0.050167224,4.984126984,0.037043581,11
1996,909n,2.363542583,0.050167224,4.984126984,0.034328944,11
1996,909o,0,0.050167224,4.984126984,0.034328944,11
1996,910n,2.363542583,0.050167224,4.984126984,0.031425803,11
1996,910o,0,0.050167224,4.984126984,0.031425803,11
1996,911n,2.358514249,0.050167224,4.984126984,0.028373797,11
1996,911o,0,0.050167224,4.984126984,0.028373797,11
1996,912n,2.350132114,0.05033557,4.968253968,0.025223048,11
1996,912o,0,0.05033557,4.968253968,0.025223048,11
1996,913n,2.197651233,0.032142857,4.587301587,0.021963273,11
1996,913o,0,0.032142857,4.587301587,0.021963273,11
1996,914n,1.866531688,0.033472803,3.920634921,0.018711509,11
1996,914o,0,0.033472803,3.920634921,0.018711509,11
1996,915n,1.685139445,0.02283105,3.555555556,0.015517412,11
1996,915o,0,0.02283105,3.555555556,0.015517412,11
1996,916n,0.574414107,0.068493151,1.238095238,0.012467822,11
1996,916o,0,0.068493151,1.238095238,0.012467822,11
1996,917n,0.605628442,0.064935065,1.301587302,0.009576106,12
1996,917o,0,0.064935065,1.301587302,0.009576106,12
1996,918n,0.513046706,0.071428571,1.19047619,0.006882843,12
1996,918o,0,0.071428571,1.19047619,0.006882843,12
1996,919n,0.527098319,0.04109589,1.206349206,0.004407454,12
1996,919o,0,0.04109589,1.206349206,0.004407454,12
1996,920n,0.52610638,0.04109589,1.206349206,0.002092994,12
1996,920o,0,0.04109589,1.206349206,0.002092994,12
1996,921n,0.487796633,0.044117647,1.126984127,-4.72881E-05,12
1996,921o,0,0.044117647,1.126984127,-4.72881E-05,12
1996,922n,0.488646504,0.029411765,1.111111111,-0.002022809,12
1996,922o,0,0.029411765,1.111111111,-0.002022809,12
1996,923n,0.43365622,0.016393443,0.984126984,-0.003830671,12
1996,923o,0,0.016393443,0.984126984,-0.003830671,12
1996,924n,0.432938391,0,0.984126984,-0.005462026,12
1996,924o,0,0,0.984126984,-0.005462026,12
1996,925n,0.432938391,0,0.984126984,-0.006901789,12
1996,925o,0,0,0.984126984,-0.006901789,12
1996,926n,0.475798521,0.030769231,1.063492063,-0.008255312,12
1996,926o,0,0.030769231,1.063492063,-0.008255312,12
1996,927n,0.507918269,0.028985507,1.126984127,-0.009401085,12
1996,927o,0,0.028985507,1.126984127,-0.009401085,12
1996,928n,0.485504458,0.030769231,1.063492063,-0.010163461,12
1996,928o,0,0.030769231,1.063492063,-0.010163461,12
1996,929n,0.479041926,0.03125,1.047619048,-0.010583615,12
1996,929o,0,0.03125,1.047619048,-0.010583615,12
1996,930n,0.479041926,0.03125,1.047619048,-0.010500688,12
1996,930o,0,0.03125,1.047619048,-0.010500688,12
1996,931n,0.486994194,0.030769231,1.063492063,-0.009562243,12
1996,931o,0,0.030769231,1.063492063,-0.009562243,12
1996,932n,0.469788162,0.032258065,1.015873016,-0.007728718,12
1996,932o,0,0.032258065,1.015873016,-0.007728718,12
1996,933n,0.480164748,0.031746032,1.031746032,-0.00471302,12
1996,933o,0,0.031746032,1.031746032,-0.00471302,12
1996,934n,0.448594225,0.033898305,0.968253968,-0.001568569,12
1996,934o,0,0.033898305,0.968253968,-0.001568569,12
1996,935n,0.420683067,0.036363636,0.904761905,0.000818207,12
1996,935o,0,0.036363636,0.904761905,0.000818207,12
1996,936n,0.389270443,0.04,0.825396825,0.002851976,12
1996,936o,0,0.04,0.825396825,0.002851976,12
1996,937n,0.360684323,0.043478261,0.761904762,0.004707032,12
1996,937o,0,0.043478261,0.761904762,0.004707032,12
1996,938n,0.306215161,0.051282051,0.650793651,0.006672748,12
1996,938o,0,0.051282051,0.650793651,0.006672748,12
1996,939n,0.247914743,0.066666667,0.507936508,0.00873006,12
1996,939o,0,0.066666667,0.507936508,0.00873006,12
1996,940n,0.177239536,0.095238095,0.365079365,0.010851678,12
1996,940o,0,0.095238095,0.365079365,0.010851678,12
1996,941n,0.151455095,0.117647059,0.301587302,0.013048756,12
1996,941o,0,0.117647059,0.301587302,0.013048756,12
1996,942n,0.151455095,0.117647059,0.301587302,0.015333343,12
1996,942o,0,0.117647059,0.301587302,0.015333343,12
1996,943n,0.118808077,0.153846154,0.238095238,0.017679035,12
1996,943o,0,0.153846154,0.238095238,0.017679035,12
1996,944n,0.118808077,0.153846154,0.238095238,0.020137183,12
1996,944o,0,0.153846154,0.238095238,0.020137183,12
1996,945n,0.105734659,0.181818182,0.206349206,0.022677592,12
1996,945o,0,0.181818182,0.206349206,0.022677592,12
1996,946n,0.105734659,0.181818182,0.206349206,0.025175501,12
1996,946o,0,0.181818182,0.206349206,0.025175501,12
1996,947n,0.057279973,0,0.111111111,0.027702866,12
1996,947o,0,0,0.111111111,0.027702866,12
1996,948n,0.04087401,0,0.079365079,0.029967092,12
1996,948o,0,0,0.079365079,0.029967092,12
1996,949n,0.04087401,0,0.079365079,0.032077856,12
1996,949o,0,0,0.079365079,0.032077856,12
1996,950n,0.04087401,0,0.079365079,0.034087369,12
1996,950o,0,0,0.079365079,0.034087369,12
1996,951n,0.04087401,0,0.079365079,0.036025337,12
1996,951o,0,0,0.079365079,0.036025337,12
1996,952n,0.043335556,0,0.079365079,0.037721489,12
1996,952o,0,0,0.079365079,0.037721489,12
1996,953n,0.043335556,0,0.079365079,0.039156827,12
1996,953o,0,0,0.079365079,0.039156827,12
1996,954n,0.036704841,0,0.063492063,0.040593032,12
1996,954o,0,0,0.063492063,0.040593032,12
1996,955n,0.036704841,0,0.063492063,0.041923925,12
1996,955o,0,0,0.063492063,0.041923925,12
1996,956n,0.036704841,0,0.063492063,0.043102489,12
1996,956o,0,0,0.063492063,0.043102489,12
1996,957n,0.036704841,0,0.063492063,0.044056846,12
1996,957o,0,0,0.063492063,0.044056846,12
1996,958n,0.036704841,0,0.063492063,0.044789167,12
1996,958o,0,0,0.063492063,0.044789167,12
1996,959n,0.036704841,0,0.063492063,0.045299013,12
1996,959o,0,0,0.063492063,0.045299013,12
1996,960n,0.036704841,0,0.063492063,0.045602697,12
1996,960o,0,0,0.063492063,0.045602697,12
1996,961n,0.045481408,0,0.079365079,0.0457601,12
1996,961o,0,0,0.079365079,0.0457601,12
1996,962n,0.045481408,0,0.079365079,0.045771177,12
1996,962o,0,0,0.079365079,0.045771177,12
1996,963n,0.045481408,0,0.079365079,0.045651543,12
1996,963o,0,0,0.079365079,0.045651543,12
1996,964n,0.045481408,0,0.079365079,0.045354388,12
1996,964o,0,0,0.079365079,0.045354388,12
1996,965n,0.045481408,0,0.079365079,0.044913516,12
1996,965o,0,0,0.079365079,0.044913516,12
1996,966n,0.045481408,0,0.079365079,0.044403578,12
1996,966o,0,0,0.079365079,0.044403578,12
1996,967n,0.045481408,0,0.079365079,0.043872525,12
1996,967o,0,0,0.079365079,0.043872525,12
1996,968n,0.045481408,0,0.079365079,0.043251016,12
1996,968o,0,0,0.079365079,0.043251016,12
1996,969n,0.029767623,0,0.047619048,0.042382695,12
1996,969o,0,0,0.047619048,0.042382695,12
1996,970n,0.029767623,0,0.047619048,0.041273305,12
1996,970o,0,0,0.047619048,0.041273305,12
1996,971n,0.029767623,0,0.047619048,0.039765661,12
1996,971o,0,0,0.047619048,0.039765661,12
1996,972n,0.029767623,0,0.047619048,0.037516446,13
1996,972o,0,0,0.047619048,0.037516446,13
1996,973n,0.01935381,0,0.031746032,0.034489907,13
1996,973o,0,0,0.031746032,0.034489907,13
1996,974n,0.01935381,0,0.031746032,0.030394261,13
1996,974o,0,0,0.031746032,0.030394261,13
1996,975n,0.008776567,0,0.015873016,0.026311391,13
1996,975o,0,0,0.015873016,0.026311391,13
1996,976n,0.008776567,0,0.015873016,0.023147284,13
1996,976o,0,0,0.015873016,0.023147284,13
1996,977n,0.008776567,0,0.015873016,0.020518033,13
1996,977o,0,0,0.015873016,0.020518033,13
1996,978n,0.008776567,0,0.015873016,0.018264201,13
1996,978o,0,0,0.015873016,0.018264201,13
1996,979n,0.018237849,0,0.047619048,0.01610892,13
1996,979o,0,0,0.047619048,0.01610892,13
1996,980n,0.018237849,0,0.047619048,0.015888567,13
1996,980o,0,0,0.047619048,0.015888567,13
1996,981n,0.018237849,0,0.047619048,0.017492007,13
1996,981o,0,0,0.047619048,0.017492007,13
1996,982n,0.009461282,0,0.031746032,0.01885018,13
1996,982o,0,0,0.031746032,0.01885018,13
1996,983n,0.009461282,0,0.031746032,0.019980593,13
1996,983o,0,0,0.031746032,0.019980593,13
1996,984n,0.009461282,0,0.031746032,0.021054776,13
1996,984o,0,0,0.031746032,0.021054776,13
1996,985n,0.009461282,0,0.031746032,0.022142608,13
1996,985o,0,0,0.031746032,0.022142608,13
1996,986n,0.009461282,0,0.031746032,0.023290084,13
1996,986o,0,0,0.031746032,0.023290084,13
1996,987n,0.009461282,0,0.031746032,0.024530285,13
1996,987o,0,0,0.031746032,0.024530285,13
1996,988n,0.009461282,0,0.031746032,0.025745225,13
1996,988o,0,0,0.031746032,0.025745225,13
1996,989n,0.009461282,0,0.031746032,0.027182289,13
1996,989o,0,0,0.031746032,0.027182289,13
1996,990n,0.009461282,0,0.031746032,0.028705669,13
1996,990o,0,0,0.031746032,0.028705669,13
1996,991n,0.009461282,0,0.031746032,0.030343181,13
1996,991o,0,0,0.031746032,0.030343181,13
1996,992n,0.009461282,0,0.031746032,0.032101582,13
1996,992o,0,0,0.031746032,0.032101582,13
1996,993n,0.009461282,0,0.031746032,0.034119184,13
1996,993o,0,0,0.031746032,0.034119184,13
1996,994n,0.009461282,0,0.031746032,0.036399638,13
1996,994o,0,0,0.031746032,0.036399638,13
1996,995n,0.009461282,0,0.031746032,0.038675262,13
1996,995o,0,0,0.031746032,0.038675262,13
1996,996n,0.009461282,0,0.031746032,0.040933321,13
1996,996o,0,0,0.031746032,0.040933321,13
1996,997n,0.009461282,0,0.031746032,0.043175827,13
1996,997o,0,0,0.031746032,0.043175827,13
1996,998n,0.009461282,0,0.031746032,0.045404463,13
1996,998o,0,0,0.031746032,0.045404463,13
1996,999n,0.009461282,0,0.031746032,0.047643836,13
1996,999o,0,0,0.031746032,0.047643836,13
1996,1000n,0,0,0,0.050053664,13
1996,1000o,0,0,0,0.050053664,13
1996,1001n,0,0,0,0.052498861,13
1996,1001o,0,0,0,0.052498861,13
1996,1002n,0,0,0,0.054984885,13
1996,1002o,0,0,0,0.054984885,13
1996,1003n,0,0,0,0.057478296,13
1996,1003o,0,0,0,0.057478296,13
1996,1004n,0.031826307,0,0.031746032,0.060031336,13
1996,1004o,0,0,0.031746032,0.060031336,13
1996,1005n,0.049056717,0,0.047619048,0.062647664,13
1996,1005o,0,0,0.047619048,0.062647664,13
1996,1006n,0.049056717,0,0.047619048,0.065331288,13
1996,1006o,0,0,0.047619048,0.065331288,13
1996,1007n,0.049056717,0,0.047619048,0.068106508,13
1996,1007o,0,0,0.047619048,0.068106508,13
1996,1008n,0.049056717,0,0.047619048,0.0710545,13
1996,1008o,0,0,0.047619048,0.0710545,13
1996,1009n,0.249640638,0.066666667,0.253968254,0.074135757,13
1996,1009o,0,0.066666667,0.253968254,0.074135757,13
1996,1010n,0.55510606,0.064516129,0.523809524,0.077257559,13
1996,1010o,0,0.064516129,0.523809524,0.077257559,13
1996,1011n,0.55510606,0.064516129,0.523809524,0.080426861,13
1996,1011o,0,0.064516129,0.523809524,0.080426861,13
1996,1012n,0.589366686,0.058823529,0.571428571,0.083652579,13
1996,1012o,0,0.058823529,0.571428571,0.083652579,13
1996,1013n,0.589366686,0.058823529,0.571428571,0.086931445,13
1996,1013o,0,0.058823529,0.571428571,0.086931445,13
1996,1014n,0.589366686,0.058823529,0.571428571,0.090275888,13
1996,1014o,0,0.058823529,0.571428571,0.090275888,13
1996,1015n,0.589366686,0.058823529,0.571428571,0.09370328,13
1996,1015o,0,0.058823529,0.571428571,0.09370328,13
1996,1016n,0.589366686,0.058823529,0.571428571,0.097274819,13
1996,1016o,0,0.058823529,0.571428571,0.097274819,13
1996,1017n,0.589366686,0.058823529,0.571428571,0.101058235,13
1996,1017o,0,0.058823529,0.571428571,0.101058235,13
1996,1018n,0.589366686,0.058823529,0.571428571,0.105144009,13
1996,1018o,0,0.058823529,0.571428571,0.105144009,13
1996,1019n,0.783778794,0.042918455,0.771428571,0.107772609,13
1996,1019o,0,0.042918455,0.771428571,0.107772609,13
1996,1020n,0.81577047,0.042918455,0.771428571,0.11053601,13
1996,1020o,0,0.042918455,0.771428571,0.11053601,13
1996,1021n,0.811468504,0.042918455,0.771428571,0.111465688,13
1996,1021o,0,0.042918455,0.771428571,0.111465688,13
1996,1022n,0.742735264,0.042016807,0.787301587,0.110538462,13
1996,1022o,0,0.042016807,0.787301587,0.110538462,13
1996,1023n,0.734321693,0.042016807,0.787301587,0.109958534,13
1996,1023o,0,0.042016807,0.787301587,0.109958534,13
1996,1024n,0.722796621,0.042016807,0.787301587,0.109737866,13
1996,1024o,0,0.042016807,0.787301587,0.109737866,13
1996,1025n,0.741313387,0.043859649,0.755555556,0.109771445,13
1996,1025o,0,0.043859649,0.755555556,0.109771445,13
1996,1026n,0.671879518,0.044843049,0.73968254,0.110002776,13
1996,1026o,0,0.044843049,0.73968254,0.110002776,13
1996,1027n,0.643048559,0.044843049,0.73968254,0.110399443,13
1996,1027o,0,0.044843049,0.73968254,0.110399443,13
1996,1028n,0.665049996,0.044843049,0.73968254,0.110942553,13
1996,1028o,0,0.044843049,0.73968254,0.110942553,13
1996,1029n,0.645847304,0.044843049,0.73968254,0.111817864,13
1996,1029o,0,0.044843049,0.73968254,0.111817864,13
1996,1030n,0.468258868,0.030674847,0.533333333,0.112721035,13
1996,1030o,0,0.030674847,0.533333333,0.112721035,13
1996,1031n,0.168951823,0,0.263492063,0.113662229,13
1996,1031o,0,0,0.263492063,0.113662229,13
1996,1032n,0.163106345,0,0.263492063,0.114604901,13
1996,1032o,0,0,0.263492063,0.114604901,13
1996,1033n,0.121319309,0,0.215873016,0.115540136,13
1996,1033o,0,0,0.215873016,0.115540136,13
1996,1034n,0.127511356,0,0.215873016,0.116480714,13
1996,1034o,0,0,0.215873016,0.116480714,13
1996,1035n,0.134976846,0,0.215873016,0.1174383,13
1996,1035o,0,0,0.215873016,0.1174383,13
1996,1036n,0.130321369,0,0.215873016,0.118487767,13
1996,1036o,0,0,0.215873016,0.118487767,13
1996,1037n,0.148531301,0,0.247619048,0.119665373,13
1996,1037o,0,0,0.247619048,0.119665373,13
1996,1038n,0.148943489,0,0.247619048,0.120985499,13
1996,1038o,0,0,0.247619048,0.120985499,13
